time,wx,wy,wz,turnRate,currAngle
10098,-0.65,2.01,1.54,-1.23,-0.00
10102,-0.65,2.01,1.54,-0.95,-0.01
10116,-0.65,2.01,1.54,-0.70,-0.02
10130,0.10,-0.22,-3.23,-0.31,-0.02
10143,-0.91,-0.44,-3.03,0.02,-0.02
10158,-0.81,0.26,-3.06,0.33,-0.02
10171,0.22,0.62,-2.91,0.59,-0.01
10184,0.06,0.72,-2.80,0.81,0.00
10198,-0.96,0.59,-2.87,1.01,0.01
10211,0.30,0.26,-2.74,1.19,0.03
10224,-0.35,20.23,6.02,1.67,0.05
10237,0.21,17.09,5.45,2.05,0.08
10251,0.21,17.09,5.45,2.39,0.11
10264,0.21,17.09,5.45,2.69,0.15
10277,-0.77,14.50,5.02,2.93,0.19
10291,-0.67,0.57,1.52,2.79,0.22
10304,-0.07,0.59,1.46,2.65,0.26
10317,0.29,0.25,1.47,2.54,0.29
10331,0.68,0.53,1.39,2.42,0.32
10343,-0.66,0.73,1.21,2.30,0.35
10357,1.57,-18.00,-9.30,3.00,0.39
10371,-0.37,-13.67,-8.30,3.53,0.44
10384,0.10,-12.62,-7.70,3.95,0.50
10397,0.10,-12.62,-7.70,4.32,0.55
10412,0.10,-12.62,-7.70,4.66,0.62
10425,0.62,-11.06,-7.25,4.92,0.68
10438,0.04,0.25,-4.11,4.84,0.75
10451,0.30,-0.31,-3.92,4.75,0.81
10465,-0.25,1.10,-3.75,4.65,0.88
10478,-0.09,15.64,3.86,4.57,0.94
10492,0.45,11.87,3.08,4.42,1.00
10506,0.44,9.14,2.55,4.23,1.05
10518,-0.33,6.81,1.86,4.00,1.11
10531,0.25,6.59,1.76,3.77,1.16
10545,0.25,6.59,1.76,3.57,1.20
10558,0.25,6.59,1.76,3.39,1.25
10571,0.25,6.59,1.76,3.23,1.29
10584,0.49,-0.35,0.26,2.93,1.33
10597,-1.32,-0.42,0.24,2.66,1.36
10610,1.23,-13.34,-7.31,3.13,1.40
10625,-0.30,-9.09,-6.18,3.43,1.45
10638,0.19,-7.74,-5.67,3.66,1.50
10651,1.25,-6.05,-5.05,3.80,1.55
10664,0.44,-3.65,-4.59,3.87,1.60
10678,0.20,-2.49,-4.25,3.91,1.66
10691,0.20,-2.49,-4.25,3.95,1.71
10705,0.20,-2.49,-4.25,3.98,1.76
10719,0.20,-2.49,-4.25,4.00,1.82
10732,0.28,0.37,-0.67,3.67,1.87
10745,0.17,1.63,-0.58,3.36,1.91
10759,0.24,0.65,-0.68,3.09,1.95
10772,0.30,0.99,-0.53,2.84,1.99
10785,0.20,0.34,-0.65,2.62,2.02
10799,0.47,0.75,-0.60,2.42,2.06
10812,0.20,0.77,-0.70,2.24,2.09
10824,0.06,-0.11,-0.76,2.10,2.11
10839,-0.31,-0.03,-0.81,1.97,2.14
10852,-0.31,-0.03,-0.81,1.85,2.16
10865,-0.31,-0.03,-0.81,1.75,2.19
10878,1.17,-11.42,-5.83,2.15,2.22
10893,1.07,1.04,-3.08,2.25,2.25
10906,-1.15,1.33,-3.06,2.33,2.28
10919,-0.12,0.70,-2.94,2.39,2.31
10933,-0.18,1.32,-2.89,2.44,2.34
10946,-0.45,0.39,-3.06,2.50,2.38
10959,-0.04,0.03,-2.95,2.55,2.41
10973,1.15,0.53,-2.75,2.57,2.45
10986,1.59,44.26,18.95,4.21,2.50
10999,1.59,44.26,18.95,5.68,2.58
11013,1.59,44.26,18.95,7.01,2.67
11027,1.32,39.60,17.86,8.09,2.78
11040,-1.36,0.83,8.10,8.09,2.89
11054,-0.05,0.08,-0.06,7.29,2.99
11067,-0.03,0.18,-0.06,6.57,3.08
11080,-1.39,-0.52,7.36,6.65,3.16
11094,-1.86,-1.37,7.07,6.69,3.25
11107,2.52,-47.71,-16.57,7.68,3.36
11120,0.49,-36.26,-13.84,8.29,3.47
11134,0.98,-28.11,-11.62,8.63,3.59
11148,0.98,-28.11,-11.62,8.93,3.71
11162,0.98,-28.11,-11.62,9.20,3.84
11175,0.98,-28.11,-11.62,9.44,3.97
11190,-1.11,0.44,-4.86,8.98,4.09
11203,-0.47,-1.16,-4.79,8.56,4.21
11216,-1.09,-1.07,-4.81,8.19,4.32
11230,-0.84,19.85,6.56,8.03,4.43
11244,0.03,0.02,-0.09,7.23,4.53
11257,-0.05,0.06,-0.10,6.52,4.61
11271,-0.75,10.47,3.40,6.21,4.70
11284,-0.35,7.77,2.83,5.87,4.77
11297,-0.35,7.77,2.83,5.57,4.85
11311,-0.35,7.77,2.83,5.29,4.92
11324,-0.35,7.77,2.83,5.05,4.99
11336,-0.82,0.32,1.15,4.66,5.05
11351,-1.94,4.37,2.66,4.46,5.11
11364,0.49,2.37,2.45,4.26,5.16
11376,0.17,2.56,2.31,4.06,5.22
11389,-0.30,2.01,2.15,3.87,5.27
11403,-0.10,0.04,-0.03,3.49,5.31
11416,-0.05,1.00,1.89,3.33,5.36
11429,-0.83,0.01,1.89,3.18,5.40
11443,-0.30,0.70,1.96,3.06,5.44
11456,-0.30,0.70,1.96,2.95,5.48
11469,-0.30,0.70,1.96,2.85,5.52
11483,0.32,7.54,5.04,3.07,5.56
11496,-0.73,-1.71,2.94,3.06,5.60
11509,-0.73,-0.84,2.87,3.04,5.64
11523,-0.82,-1.25,2.88,3.02,5.68
11536,0.28,-2.02,2.84,3.00,5.72
11549,-1.09,-1.45,2.91,3.00,5.76
11563,-0.52,-0.11,2.78,2.97,5.80
11576,-0.80,-0.50,2.67,2.94,5.84
11589,-0.91,0.01,2.74,2.92,5.88
11602,-0.91,0.01,2.74,2.91,5.92
11616,-0.91,0.01,2.74,2.89,5.96
11629,-0.91,0.01,2.74,2.87,5.99
11642,-0.14,-0.41,3.56,2.94,6.03
11656,-1.30,-0.55,3.33,2.98,6.07
11669,-0.09,0.11,-0.06,2.69,6.11
11682,-0.02,-0.01,-0.10,2.43,6.14
11697,0.14,-3.35,3.22,2.51,6.18
11710,0.06,-0.96,3.27,2.59,6.21
11723,2.88,-26.95,-8.40,3.17,6.25
11737,1.23,-20.14,-6.88,3.54,6.30
11750,1.23,-20.14,-6.88,3.87,6.35
11763,1.23,-20.14,-6.88,4.17,6.41
11778,1.23,-20.14,-6.88,4.45,6.47
11791,-1.93,-4.27,-2.94,4.30,6.53
11804,-0.10,0.03,-0.09,3.87,6.58
11817,-2.36,-0.77,-2.37,3.72,6.63
11832,-1.21,-0.76,-2.41,3.59,6.68
11845,1.91,0.85,-2.13,3.45,6.73
11858,0.99,1.75,-2.35,3.34,6.77
11872,0.59,2.14,-2.27,3.23,6.81
11885,3.02,3.20,-2.21,3.13,6.86
11898,3.02,3.20,-2.21,3.04,6.90
11912,3.02,3.20,-2.21,2.95,6.93
11925,3.02,3.20,-2.21,2.88,6.97
11938,0.41,-0.98,-1.97,2.79,7.01
11952,-0.75,-2.96,-2.13,2.72,7.05
11965,-1.01,-3.32,-1.72,2.62,7.08
11978,-0.14,0.20,-0.16,2.38,7.11
11992,-0.02,0.27,-0.20,2.16,7.14
12005,1.08,-0.56,-3.17,2.26,7.17
12019,-3.63,-4.62,-3.67,2.40,7.21
12033,-0.34,0.33,0.02,2.16,7.24
12046,1.73,2.58,-2.85,2.23,7.26
12059,1.73,2.58,-2.85,2.29,7.30
12072,1.73,2.58,-2.85,2.35,7.33
12086,0.31,-0.66,-6.00,2.71,7.36
12099,12.63,6.89,1.48,2.59,7.40
12112,-0.49,31.67,-3.11,2.64,7.43
12126,-7.63,25.70,-8.45,3.22,7.48
12139,-2.71,22.06,-11.93,4.09,7.53
12153,-5.97,10.36,-13.83,5.07,7.60
12167,-0.10,0.02,-19.52,6.51,7.69
12180,8.09,4.97,-15.09,7.37,7.79
12194,9.09,-4.71,-15.72,8.21,7.90
12208,9.09,-4.71,-15.72,8.96,8.02
12221,9.09,-4.71,-15.72,9.63,8.15
12234,9.09,-4.71,-15.72,10.24,8.29
12249,1.24,10.54,-22.59,11.48,8.45
12262,-4.24,8.82,-23.17,12.65,8.63
12276,-5.59,14.34,-23.06,13.69,8.81
12290,-0.98,0.46,-23.05,14.62,9.02
12304,-0.18,0.02,-24.90,15.65,9.23
12317,-0.60,0.14,-25.43,16.63,9.46
12332,-0.04,4.02,-22.66,17.23,9.70
12345,1.68,2.32,-23.66,17.88,9.95
12358,1.68,2.32,-23.66,18.45,10.20
12372,1.68,2.32,-23.66,18.97,10.46
12386,1.68,2.32,-23.66,19.44,10.73
12400,-0.27,0.11,-32.02,20.70,11.01
12414,-0.10,-1.84,-29.36,21.57,11.31
12428,-0.61,3.60,-29.85,22.40,11.63
12442,-0.04,7.08,-29.91,23.15,11.95
12455,-4.64,4.54,-30.36,23.87,12.28
12470,7.33,-19.31,-44.17,25.90,12.64
12484,5.51,-4.88,-41.30,27.44,13.03
12497,0.36,-2.21,-40.37,28.73,13.43
12512,0.36,-2.21,-40.37,29.90,13.85
12526,0.36,-2.21,-40.37,30.94,14.28
12539,-0.37,0.13,-30.29,30.88,14.71
12554,-5.65,-0.79,-31.94,30.98,15.14
12568,-2.46,2.40,-30.83,30.97,15.58
12581,-5.08,-0.48,-30.90,30.96,16.01
12596,-7.23,20.51,-20.46,29.91,16.43
12610,-0.48,22.02,-20.34,28.95,16.84
12624,-0.36,0.34,-28.97,28.96,17.25
12638,-2.64,14.31,-20.01,28.06,17.64
12652,-1.21,16.28,-19.69,27.22,18.03
12666,-1.21,16.28,-19.69,26.47,18.40
12681,-1.21,16.28,-19.69,25.79,18.76
12694,-0.43,0.11,-24.57,25.67,19.12
12708,4.10,7.99,-15.97,24.70,19.47
12722,-0.43,-0.09,-23.38,24.57,19.81
12736,15.83,-27.76,-36.22,25.73,20.17
12750,7.05,-16.50,-32.60,26.42,20.55
12765,7.09,-6.71,-29.86,26.77,20.93
12778,-0.43,0.19,-20.24,26.11,21.29
12792,-0.31,0.31,-19.32,25.43,21.64
12807,5.61,3.50,-25.30,25.42,22.00
12820,5.61,3.50,-25.30,25.41,22.35
12834,5.61,3.50,-25.30,25.40,22.70
12848,-7.42,-4.38,-25.87,25.44,23.05
12862,22.13,-10.28,-22.49,25.15,23.40
12876,19.65,-16.39,-20.43,24.68,23.76
12891,8.11,-4.35,-19.25,24.13,24.10
12904,15.44,-1.94,-17.70,23.49,24.43
12918,30.16,19.99,-15.15,22.66,24.75
12933,28.12,8.41,-15.28,21.92,25.06
12946,15.87,0.27,-15.67,21.29,25.35
12960,15.87,0.27,-15.67,20.73,25.64
12975,15.87,0.27,-15.67,20.23,25.92
12988,15.87,0.27,-15.67,19.77,26.20
13002,-5.29,6.74,-14.57,19.25,26.47
13017,-5.39,-1.14,-15.41,18.87,26.73
13030,-3.34,-0.61,-15.53,18.53,26.99
13044,-6.12,2.57,-16.15,18.29,27.25
13059,-0.27,0.10,-17.77,18.24,27.51
13072,-0.23,0.24,-18.17,18.23,27.76
13086,-3.97,2.61,-16.04,18.02,28.01
13101,9.92,-12.48,-26.87,18.90,28.27
13114,9.92,-12.48,-26.87,19.70,28.55
13128,9.92,-12.48,-26.87,20.41,28.84
13143,23.33,-25.64,-34.39,21.81,29.15
13157,15.72,0.82,-25.40,22.17,29.46
13170,-2.13,12.33,-25.93,22.55,29.78
13185,-10.09,23.15,-26.14,22.91,30.10
13199,-2.37,15.48,-26.20,23.24,30.43
13213,-0.51,0.37,-29.80,23.89,30.77
13228,-0.12,3.38,-32.55,24.76,31.12
13241,-0.17,3.29,-32.76,25.56,31.47
13255,-0.34,3.19,-33.15,26.32,31.84
13268,-0.34,3.19,-33.15,27.00,32.22
13283,-0.34,3.19,-33.15,27.61,32.60
13297,-3.69,6.12,-30.47,27.90,32.99
13310,-9.06,15.14,-29.62,28.07,33.38
13325,-12.73,11.27,-29.40,28.20,33.78
13339,-6.94,12.03,-28.72,28.26,34.18
13353,3.79,5.56,-33.18,28.75,34.59
13367,3.24,0.78,-32.16,29.09,34.99
13381,3.52,-0.31,-31.05,29.28,35.39
13394,7.66,4.31,-28.84,29.24,35.80
13409,7.66,4.31,-28.84,29.20,36.20
13422,7.66,4.31,-28.84,29.17,36.60
13436,7.66,4.31,-28.84,29.13,37.00
13450,0.83,6.31,-22.08,28.43,37.40
13464,-0.52,-0.09,-29.17,28.50,37.79
13477,11.27,-14.19,-37.51,29.40,38.20
13492,11.69,1.90,-33.93,29.86,38.63
13506,10.71,-5.00,-31.24,29.99,39.05
13520,15.24,-8.33,-27.79,29.77,39.47
13534,8.98,-10.06,-27.37,29.53,39.88
13548,8.40,-20.25,-28.83,29.46,40.30
13562,8.40,-20.25,-28.83,29.40,40.71
13577,8.40,-20.25,-28.83,29.34,41.13
13591,8.40,-20.25,-28.83,29.29,41.54
13604,3.01,27.72,-39.63,30.32,41.97
13619,3.04,17.83,-36.15,30.91,42.40
13633,6.21,12.92,-33.91,31.21,42.84
13646,-5.85,2.22,-36.43,31.73,43.28
13661,-3.24,-18.30,-39.73,32.53,43.73
13675,-10.19,-11.70,-42.60,33.54,44.21
13689,-7.67,-4.77,-46.46,34.83,44.71
13704,-7.31,-7.60,-47.24,36.07,45.22
13717,-7.31,-7.60,-47.24,37.19,45.75
13731,-7.31,-7.60,-47.24,38.19,46.29
13746,13.48,-19.34,-61.07,40.48,46.86
13760,-9.08,13.53,-47.60,41.19,47.45
13774,-7.47,15.24,-49.15,41.99,48.04
13788,3.71,-6.93,-49.73,42.76,48.64
13802,0.32,0.53,-66.57,45.14,49.27
13816,18.37,6.62,-38.81,44.51,49.88
13830,-1.03,0.79,-57.17,45.78,50.52
13844,-0.34,-0.14,-53.68,46.57,51.17
13858,16.55,-1.43,-49.58,46.87,51.83
13872,16.55,-1.43,-49.58,47.14,52.50
13886,16.55,-1.43,-49.58,47.38,53.17
13900,-27.33,22.55,-43.85,47.03,53.83
13915,-0.15,0.27,-43.64,46.69,54.50
13929,-3.96,1.37,-39.25,45.95,55.14
13942,-5.15,-3.08,-36.44,45.00,55.76
13957,0.09,12.68,-32.17,43.71,56.38
13971,10.13,-8.37,-39.06,43.25,56.98
13984,8.29,2.00,-34.79,42.40,57.58
13999,2.44,14.27,-32.24,41.39,58.15
14012,2.47,8.19,-31.54,40.40,58.72
14026,2.47,8.19,-31.54,39.51,59.26
14040,2.47,8.19,-31.54,38.72,59.79
14054,0.04,9.14,-22.32,37.08,60.30
14067,7.13,5.18,-19.80,35.35,60.79
14082,16.13,9.47,-15.61,33.38,61.25
14095,-0.07,-0.27,-16.29,31.67,61.69
14109,25.17,-9.67,-18.35,30.33,62.12
14124,27.88,-13.76,-16.58,28.96,62.53
14138,-0.27,0.21,-18.01,27.86,62.93
14151,11.23,-4.10,-15.22,26.60,63.30
14166,11.23,-4.10,-15.22,25.46,63.66
14180,11.23,-4.10,-15.22,24.44,64.00
14194,11.23,-4.10,-15.22,23.52,64.33
14208,-3.39,-1.64,-13.35,22.50,64.65
14222,2.30,-3.96,-12.11,21.46,64.95
14236,3.53,-10.90,-12.68,20.58,65.24
14251,2.58,-4.94,-13.25,19.85,65.52
14264,2.77,-6.04,-14.36,19.30,65.79
14278,-3.98,-3.01,-14.94,18.86,66.05
14292,0.99,0.65,-15.34,18.51,66.31
14306,6.41,-6.54,-16.04,18.26,66.56
14320,6.41,-6.54,-16.04,18.04,66.82
14333,6.41,-6.54,-16.04,17.84,67.06
14348,-0.19,-0.35,-33.10,19.37,67.33
14362,-44.29,19.33,-25.29,19.96,67.62
14376,-189.20,78.34,-23.76,20.34,67.91
14391,-59.35,147.26,0.70,18.38,68.17
14404,2.30,-5.49,6.93,17.23,68.41
14418,0.08,0.32,0.24,15.53,68.63
14432,30.19,-61.01,3.77,14.36,68.82
14445,-12.76,-25.25,3.47,13.27,69.00
14459,-23.02,-5.61,3.09,12.25,69.18
14474,-23.02,-5.61,3.09,11.33,69.33
14487,-23.02,-5.61,3.09,10.51,69.48
14501,9.16,40.40,3.02,9.76,69.62
14515,0.57,-0.72,5.32,9.32,69.74
14528,0.76,0.23,7.49,9.13,69.87
14541,27.92,-17.07,10.08,9.23,69.99
14556,25.40,-27.02,10.39,9.35,70.12
14570,-1.05,0.25,7.32,9.14,70.25
14583,0.63,-0.32,5.62,8.79,70.36
14597,-28.34,-14.25,16.81,9.59,70.49
14610,-16.15,-39.85,16.40,10.27,70.64
14624,-16.15,-39.85,16.40,10.89,70.79
14639,-16.15,-39.85,16.40,11.44,70.96
14653,11.41,5.73,4.56,10.75,71.11
14667,-2.62,-16.34,3.55,10.03,71.25
14681,4.96,-31.36,4.73,9.50,71.38
14695,4.18,19.51,6.93,9.24,71.50
14708,3.58,-2.22,5.95,8.91,71.62
14722,21.34,-29.38,-5.73,8.59,71.74
14735,0.17,0.00,0.14,7.75,71.85
14748,-0.19,0.69,-0.08,6.98,71.94
14763,11.13,0.84,-1.36,6.42,72.03
14776,11.13,0.84,-1.36,5.91,72.11
14789,11.13,0.84,-1.36,5.46,72.18
14802,4.80,6.14,-1.66,5.08,72.25
14817,0.71,2.43,-1.45,4.72,72.31
14830,3.32,-8.53,-0.70,4.31,72.37
14843,-1.53,-10.35,-1.46,4.03,72.43
14858,-3.50,1.67,-1.30,3.76,72.48
14871,-2.51,-9.67,-1.36,3.52,72.53
14884,2.17,-17.29,-0.72,3.24,72.57
14899,1.15,-16.21,-0.25,2.94,72.61
14912,0.83,-10.52,0.07,2.65,72.65
14925,0.83,-10.52,0.07,2.39,72.68
14940,0.83,-10.52,0.07,2.16,72.71
14953,5.87,-3.33,0.16,1.96,72.74
14966,-14.69,16.74,14.54,3.22,72.78
14981,-16.87,10.51,12.29,4.12,72.84
14994,-16.59,8.69,10.61,4.77,72.90
15008,-0.11,0.14,0.16,4.31,72.96
15022,-7.98,-2.69,8.04,4.68,73.03
15035,-7.33,-16.79,7.45,4.96,73.09
15049,0.02,0.47,0.15,4.48,73.16
15063,4.82,0.79,8.19,4.85,73.22
15076,4.82,0.79,8.19,5.18,73.29
15088,4.82,0.79,8.19,5.48,73.36
15101,4.82,0.79,8.19,5.75,73.44
15115,1.16,10.84,0.41,5.22,73.51
15128,-3.14,7.57,-0.13,4.71,73.57
15142,-5.73,-2.10,-0.54,4.29,73.63
15156,-3.24,11.51,-0.56,3.92,73.68
15170,-0.05,0.06,-0.37,3.57,73.73
15183,0.09,-0.03,0.03,3.21,73.78
15197,3.91,-8.13,-0.29,2.92,73.81
15210,3.53,-17.07,0.03,2.63,73.85
15224,3.53,-17.07,0.03,2.37,73.88
15238,3.53,-17.07,0.03,2.14,73.91
15251,3.53,-17.07,0.03,1.93,73.94
15264,21.05,-14.73,6.21,2.35,73.97
15279,8.94,35.87,-0.20,2.14,74.00
15292,-3.39,32.06,-6.40,2.57,74.03
15306,-21.45,3.12,-10.59,3.37,74.08
15320,-0.56,0.88,-22.52,5.28,74.15
15334,-0.54,-0.11,-22.97,7.05,74.25
15347,-0.43,0.10,-24.86,8.83,74.37
15362,-7.85,-3.16,-28.06,10.76,74.52
15376,-7.85,-3.16,-28.06,12.49,74.70
15389,-7.85,-3.16,-28.06,14.04,74.90
15404,-35.74,25.28,-35.33,16.17,75.13
15418,-9.13,-7.28,-36.83,18.24,75.39
15432,-1.55,6.24,-33.50,19.77,75.66
15447,14.46,-0.34,-31.21,20.91,75.96
15460,5.56,3.43,-32.21,22.04,76.27
15474,-19.22,9.31,-21.47,21.98,76.57
15488,-0.10,0.13,-34.77,23.26,76.90
15502,-1.49,-4.67,-23.42,23.28,77.22
15516,-4.84,-5.97,-24.31,23.38,77.55
15531,-4.84,-5.97,-24.31,23.47,77.88
15544,-4.84,-5.97,-24.31,23.56,78.22
15558,-8.37,-1.12,-26.50,23.85,78.55
15572,-6.68,-15.20,-23.11,23.78,78.89
15587,4.14,1.40,-19.72,23.37,79.22
15600,54.12,-16.64,-46.30,25.66,79.57
15614,47.71,-5.70,-42.11,27.31,79.96
15629,19.01,-1.71,-41.87,28.76,80.37
15643,5.34,-3.00,-40.89,29.98,80.79
15657,3.67,-13.41,-38.02,30.78,81.22
15671,3.61,-15.22,-37.18,31.42,81.67
15685,3.61,-15.22,-37.18,32.00,82.12
15699,3.61,-15.22,-37.18,32.52,82.58
15714,-7.84,-6.36,-26.01,31.87,83.03
15727,24.81,-8.45,-36.82,32.36,83.48
15741,22.90,-9.72,-32.03,32.33,83.94
15756,-0.59,0.50,-31.04,32.20,84.39
15770,16.34,-1.47,-26.49,31.63,84.83
15783,-7.75,45.53,-27.58,31.22,85.27
15798,0.02,0.17,-32.01,31.30,85.72
15812,7.78,5.05,-25.80,30.75,86.14
15825,8.75,-17.24,-25.28,30.20,86.56
15840,8.75,-17.24,-25.28,29.71,86.97
15854,8.75,-17.24,-25.28,29.27,87.39
15867,0.98,-9.76,-12.83,27.63,87.78
15882,-3.61,-0.51,-11.25,25.99,88.14
15896,-7.09,6.00,-9.72,24.36,88.48
15909,-0.19,0.04,-22.92,24.22,88.82
15924,-9.08,3.81,-7.28,22.52,89.13
15937,-7.87,8.95,-6.04,20.88,89.42
15951,0.12,17.74,-5.52,19.34,89.68
15965,24.46,4.06,-22.43,19.65,89.96
15979,18.69,0.47,-22.13,19.90,90.23
15992,18.69,0.47,-22.13,20.12,90.51
16007,18.69,0.47,-22.13,20.32,90.80
16021,0.77,-2.21,-19.04,20.19,91.08
16034,-3.03,-6.23,-19.74,20.15,91.36
16049,-2.20,-0.82,-19.78,20.11,91.64
16063,10.63,0.44,-17.89,19.89,91.92
16076,2.57,1.27,-17.82,19.68,92.20
16091,-15.98,-10.37,-26.17,20.33,92.48
16105,19.10,10.34,-21.69,20.47,92.77
16119,26.40,8.41,-18.78,20.30,93.06
16133,17.72,2.46,-18.48,20.12,93.34
16147,17.72,2.46,-18.48,19.95,93.62
16161,17.72,2.46,-18.48,19.81,93.89
16175,0.05,-0.24,-22.50,20.07,94.17
16189,15.58,5.60,-10.33,19.10,94.44
16202,4.81,14.26,-10.72,18.26,94.70
16217,-0.30,0.00,-25.83,19.02,94.96
16231,-17.61,-1.35,-13.24,18.44,95.22
16245,-14.11,4.46,-14.13,18.01,95.47
16259,-0.39,-3.24,-14.04,17.61,95.72
16273,23.12,11.25,-13.49,17.20,95.97
16287,23.12,11.25,-13.49,16.83,96.20
16302,23.12,11.25,-13.49,16.50,96.44
16315,23.12,11.25,-13.49,16.19,96.66
16329,-1.18,1.45,-25.44,17.12,96.91
16344,-4.27,45.68,-25.36,17.94,97.16
16358,18.71,-15.50,-23.36,18.49,97.42
16372,27.87,6.84,-19.78,18.61,97.68
16386,7.98,13.12,-20.37,18.79,97.94
16400,-0.03,-0.42,-27.82,19.69,98.22
16414,0.40,-15.79,-18.72,19.60,98.50
16428,-13.65,-13.13,-16.42,19.28,98.77
16442,-13.65,-13.13,-16.42,18.99,99.04
16457,-13.65,-13.13,-16.42,18.73,99.31
16472,-13.65,-13.13,-16.42,18.50,99.58
16486,-3.59,11.41,-10.94,17.75,99.84
16500,-0.13,-0.03,-20.75,18.05,100.09
16515,-2.44,-6.28,-10.73,17.32,100.34
16528,-0.36,-0.04,-20.03,17.59,100.59
16542,0.74,-0.80,-9.40,16.77,100.83
16557,-3.50,17.76,-9.63,16.05,101.05
16571,6.64,14.30,-10.37,15.49,101.27
16585,10.46,25.03,-10.17,14.95,101.48
16600,10.46,25.03,-10.17,14.47,101.69
16613,10.46,25.03,-10.17,14.04,101.89
16627,30.38,3.54,-26.46,15.29,102.11
16642,-9.89,5.95,-18.13,15.57,102.33
16656,-0.21,-0.22,-25.98,16.61,102.56
16670,-5.13,1.17,-18.49,16.80,102.80
16685,-0.58,0.80,-29.96,18.12,103.06
16698,-33.38,12.58,-25.45,18.85,103.32
16713,-16.49,-17.27,-18.37,18.80,103.60
16728,-11.66,-14.34,-16.69,18.59,103.87
16742,-11.66,-14.34,-16.69,18.40,104.14
16756,-11.66,-14.34,-16.69,18.23,104.40
16772,-11.66,-14.34,-16.69,18.07,104.67
16786,-10.02,12.84,-11.81,17.45,104.92
16800,0.66,-0.86,-18.80,17.58,105.18
16815,16.96,-37.19,-4.50,16.27,105.41
16829,6.38,-20.98,-2.32,14.88,105.62
16843,19.53,-0.66,-9.31,14.32,105.82
16857,22.26,-10.08,-6.37,13.53,106.01
16871,16.88,1.80,-4.94,12.67,106.19
16885,17.26,-11.33,-4.27,11.83,106.36
16900,17.26,-11.33,-4.27,11.07,106.51
16914,17.26,-11.33,-4.27,10.39,106.66
16928,2.32,32.97,-13.55,10.71,106.82
16943,6.88,8.77,-13.19,10.96,106.97
16956,-15.20,15.30,-19.20,11.78,107.14
16970,-0.15,-1.04,-31.62,13.76,107.33
16985,-18.88,-16.97,-21.55,14.54,107.54
16999,-0.14,-0.53,-30.16,16.10,107.78
17013,-4.26,-32.36,-16.41,16.13,108.01
17029,14.33,-42.32,-8.93,15.41,108.23
17042,18.82,-33.50,-6.39,14.51,108.44
17056,18.82,-33.50,-6.39,13.70,108.63
17071,18.82,-33.50,-6.39,12.97,108.82
17085,-4.75,14.54,-9.90,12.66,109.00
17099,5.10,-8.03,-17.43,13.14,109.18
17114,2.05,-9.10,-18.53,13.68,109.38
17128,4.31,-4.06,-18.82,14.19,109.58
17141,1.39,-14.01,-18.42,14.61,109.78
17157,-7.53,-16.36,-18.33,14.99,110.00
17170,5.46,-22.18,-15.74,15.06,110.22
17185,-0.66,0.71,-27.84,16.34,110.45
17199,10.21,-8.82,-13.12,16.02,110.67
17213,10.21,-8.82,-13.12,15.73,110.90
17227,10.21,-8.82,-13.12,15.47,111.12
17242,2.21,1.60,-19.40,15.86,111.35
17256,-0.52,0.23,-36.02,17.88,111.60
17270,-5.93,-7.15,-20.40,18.13,111.85
17284,-2.74,-4.37,-19.39,18.25,112.11
17298,-2.28,-6.92,-17.68,18.20,112.37
17312,-6.84,-3.07,-16.80,18.06,112.63
17327,-4.89,1.65,-15.63,17.81,112.88
17341,19.72,5.56,-31.96,19.23,113.16
17355,19.72,5.56,-31.96,20.50,113.45
17370,19.72,5.56,-31.96,21.65,113.75
17383,19.72,5.56,-31.96,22.68,114.07
17397,-1.40,-6.84,-19.18,22.33,114.39
17412,1.06,-5.24,-18.14,21.91,114.70
17426,5.23,-5.35,-16.35,21.35,115.00
17440,2.77,-4.05,-14.70,20.69,115.29
17454,-0.75,0.72,-27.70,21.39,115.59
17468,9.17,6.66,-17.72,21.02,115.89
17482,-1.19,-7.36,-16.80,20.60,116.18
17497,2.88,-3.54,-15.00,20.04,116.46
17511,2.88,-3.54,-15.00,19.54,116.74
17524,2.88,-3.54,-15.00,19.08,117.01
17539,2.88,-3.54,-15.00,18.67,117.27
17553,2.11,-0.61,-7.87,17.59,117.52
17567,-3.59,6.89,-7.47,16.58,117.75
17581,-8.10,9.00,-7.54,15.68,117.97
17595,-10.59,5.06,-10.15,15.12,118.18
17609,-0.40,0.34,-19.97,15.61,118.40
17623,-2.20,-2.06,-9.20,14.97,118.61
17637,-4.71,-6.15,-9.08,14.38,118.82
17651,-6.62,-11.22,-8.61,13.80,119.01
17666,-6.62,-11.22,-8.61,13.28,119.20
17680,-6.62,-11.22,-8.61,12.82,119.38
17694,-0.23,-5.70,-6.08,12.14,119.56
17709,-0.94,0.36,-5.27,11.46,119.72
17722,-0.92,1.26,1.55,10.46,119.87
17736,-0.49,0.18,-16.02,11.02,120.02
17751,-2.13,4.51,0.94,10.01,120.16
17764,-3.30,5.54,0.69,9.08,120.28
17777,-2.83,3.76,0.65,8.24,120.40
17790,-7.44,3.94,0.78,7.49,120.50
17805,-6.22,3.44,1.03,6.84,120.59
17818,-6.22,3.44,1.03,6.26,120.68
17831,-6.22,3.44,1.03,5.74,120.75
17846,-0.43,0.36,-12.96,6.46,120.84
17859,1.01,4.07,-5.03,6.32,120.93
17872,3.15,-1.36,-4.25,6.11,121.01
17887,3.91,2.56,-3.47,5.85,121.09
17900,-2.82,0.57,-3.56,5.62,121.17
17914,-0.43,0.16,-11.70,6.23,121.26
17928,-2.31,-1.37,-2.97,5.90,121.34
17942,-0.88,-2.80,-2.99,5.61,121.42
17955,-4.78,-1.23,-3.58,5.41,121.49
17970,-4.78,-1.23,-3.58,5.22,121.56
17984,-4.78,-1.23,-3.58,5.06,121.64
17997,-4.78,-1.23,-3.58,4.91,121.70
18012,3.80,12.37,-6.94,5.11,121.77
18025,-0.11,0.18,-7.06,5.31,121.85
18039,7.55,-2.38,-3.80,5.16,121.92
18053,6.16,1.33,-3.57,5.00,121.99
18067,2.90,0.21,-3.65,4.87,122.05
18080,0.17,2.00,-4.08,4.79,122.12
18094,-3.22,3.87,-2.02,4.51,122.18
18108,-6.30,7.53,-2.56,4.31,122.24
18121,-6.30,7.53,-2.56,4.14,122.30
18135,-6.30,7.53,-2.56,3.98,122.35
18149,0.27,-14.45,-0.37,3.62,122.40
18163,-6.03,1.89,-2.11,3.47,122.45
18177,-6.05,7.65,-2.32,3.35,122.50
18190,-0.21,-0.17,-6.58,3.68,122.55
18204,2.48,12.52,-0.69,3.38,122.59
18217,-5.23,2.01,5.25,3.57,122.64
18232,-0.32,0.11,-6.51,3.86,122.70
18245,-6.59,-5.24,3.16,3.79,122.75
18259,-10.65,2.77,2.12,3.62,122.80
18273,-10.65,2.77,2.12,3.47,122.85
18287,-10.65,2.77,2.12,3.34,122.89
18300,-1.30,-3.62,4.04,3.41,122.94
18314,-2.12,2.28,2.97,3.36,122.98
18328,-6.42,7.92,2.31,3.26,123.03
18341,3.81,6.07,-1.29,3.06,123.07
18355,2.01,-2.80,-1.77,2.93,123.11
18369,-1.02,-8.29,-3.17,2.96,123.15
18382,-5.15,-1.74,-4.27,3.09,123.19
18397,-0.14,0.09,-8.59,3.64,123.24
18410,1.21,1.96,-4.07,3.68,123.30
18424,1.21,1.96,-4.07,3.72,123.35
18438,1.21,1.96,-4.07,3.75,123.40
18451,1.21,1.96,-4.07,3.79,123.45
18465,-12.98,5.61,4.38,3.85,123.50
18479,-6.10,5.08,4.91,3.95,123.56
18492,-0.39,0.14,-4.22,3.98,123.61
18506,-0.63,2.19,5.61,4.14,123.67
18520,0.39,-0.34,5.69,4.30,123.72
18533,5.29,-5.43,6.37,4.50,123.79
18547,-6.51,0.20,5.31,4.58,123.85
18561,-4.41,-6.69,4.85,4.61,123.91
18574,-4.41,-6.69,4.85,4.63,123.97
18588,-4.41,-6.69,4.85,4.66,124.04
18601,-4.41,-6.69,4.85,4.68,124.10
18616,3.42,2.41,-5.08,4.72,124.17
18629,3.96,0.14,-4.15,4.66,124.23
18642,1.70,-2.46,-3.25,4.52,124.29
18657,7.53,2.14,-1.41,4.21,124.35
18670,10.26,4.68,-0.32,3.82,124.40
18683,6.81,1.54,0.85,3.52,124.45
18697,-7.46,-6.58,-0.84,3.25,124.50
18711,-22.64,-14.62,14.93,4.42,124.56
18725,-22.64,-14.62,14.93,5.47,124.64
18740,-22.64,-14.62,14.93,6.42,124.73
18754,-22.64,-14.62,14.93,7.27,124.83
18768,11.03,-4.42,6.71,7.21,124.93
18782,-0.27,0.06,0.52,6.54,125.02
18796,9.06,4.84,6.12,6.50,125.11
18809,9.31,-7.32,6.46,6.50,125.20
18823,7.44,-7.69,6.33,6.48,125.29
18836,-0.12,0.14,0.04,5.84,125.37
18850,15.18,10.84,-4.43,5.69,125.44
18864,12.39,7.62,-4.04,5.53,125.52
18878,12.39,7.62,-4.04,5.38,125.60
18891,12.39,7.62,-4.04,5.25,125.67
18906,-0.18,0.02,0.08,4.73,125.73
18919,1.71,2.56,-2.50,4.51,125.79
18932,-0.14,0.10,0.46,4.10,125.85
18946,5.04,7.57,-1.85,3.88,125.90
18960,6.61,1.90,1.17,3.61,125.95
18973,3.94,-0.38,1.43,3.39,126.00
18987,-0.08,0.14,0.66,3.11,126.04
19000,11.22,-9.95,2.37,3.04,126.08
19014,8.22,-3.95,1.93,2.93,126.12
19027,8.22,-3.95,1.93,2.83,126.16
19041,8.22,-3.95,1.93,2.74,126.20
19055,8.22,-3.95,1.93,2.66,126.23
19068,2.66,-2.40,-1.62,2.56,126.27
19082,-0.02,0.16,-0.18,2.32,126.30
19096,7.26,20.48,0.89,2.18,126.33
19109,-34.02,-38.52,-1.38,2.10,126.36
19124,8.78,10.39,0.56,1.94,126.39
19137,20.81,5.66,3.09,2.06,126.41
19151,-0.04,0.10,-0.51,1.90,126.44
19165,-16.61,-3.67,-0.15,1.73,126.46
19179,-16.61,-3.67,-0.15,1.57,126.49
19193,-16.61,-3.67,-0.15,1.43,126.51
19207,-16.61,-3.67,-0.15,1.30,126.52
19221,-1.42,-8.38,0.16,1.19,126.54
19235,6.43,3.59,0.83,1.15,126.56
19249,3.72,-4.89,0.73,1.11,126.57
19262,3.19,8.82,0.61,1.06,126.59
19275,3.13,4.85,0.46,1.00,126.60
19289,21.68,-5.93,1.49,1.05,126.61
19303,-15.67,-2.24,-1.49,1.09,126.63
19317,8.40,-6.27,0.29,1.01,126.64
19331,8.40,-6.27,0.29,0.94,126.66
19344,8.40,-6.27,0.29,0.87,126.67
19357,8.40,-6.27,0.29,0.81,126.68
19372,1.93,-1.78,4.36,1.17,126.69
19385,-2.25,4.87,2.94,1.35,126.71
19398,19.14,-6.71,3.15,1.53,126.73
19412,-0.82,2.09,-9.12,2.29,126.77
19426,-0.31,-0.44,-8.20,2.88,126.80
19440,-34.46,-16.70,-3.79,2.97,126.85
19454,-31.42,-30.90,-3.95,3.07,126.89
19469,18.97,-16.58,-12.95,4.05,126.95
19482,18.97,-16.58,-12.95,4.94,127.02
19496,18.97,-16.58,-12.95,5.74,127.10
19511,18.97,-16.58,-12.95,6.46,127.19
19525,-41.36,58.82,-13.92,7.21,127.30
19539,9.57,30.36,-10.09,7.50,127.40
19554,56.17,-2.44,-3.99,7.15,127.50
19568,-0.60,0.11,2.93,6.73,127.60
19581,-0.75,12.64,-2.71,6.32,127.68
19595,0.34,-0.37,3.08,6.00,127.77
19609,10.31,-7.90,13.62,6.76,127.86
19622,8.55,-2.93,13.41,7.43,127.96
19637,8.55,-2.93,13.41,8.03,128.07
19650,8.55,-2.93,13.41,8.56,128.19
19664,8.55,-2.93,13.41,9.05,128.31
19678,12.93,-35.50,6.57,8.80,128.44
19692,-2.89,-3.53,3.80,8.30,128.55
19705,-4.82,18.73,3.24,7.79,128.66
19720,-6.15,46.75,0.91,7.11,128.76
19733,5.99,-19.96,0.95,6.49,128.85
19746,0.08,0.23,0.37,5.88,128.93
19761,-0.36,0.66,0.24,5.31,129.00
19774,5.88,8.95,3.02,5.09,129.07
19787,5.88,8.95,3.02,4.88,129.13
19801,5.88,8.95,3.02,4.69,129.20
19814,5.88,8.95,3.02,4.53,129.26
19827,-3.19,9.56,2.07,4.28,129.31
19842,3.32,2.82,0.31,3.88,129.37
19855,-2.92,4.52,-0.06,3.50,129.41
19868,2.23,6.72,0.53,3.20,129.46
19881,2.40,9.44,0.95,2.98,129.50
19895,5.64,2.27,1.54,2.83,129.54
19908,8.32,0.23,1.96,2.75,129.57
19922,10.43,0.34,2.53,2.73,129.61
19936,9.71,0.25,2.65,2.72,129.65
19949,9.71,0.25,2.65,2.71,129.68
19962,9.71,0.25,2.65,2.70,129.72
19976,-0.12,0.18,-0.25,2.46,129.75
19990,-1.88,-0.45,1.36,2.35,129.78
20003,-1.89,-2.12,1.06,2.22,129.82
20018,-3.74,-1.59,0.78,2.08,129.84
20031,-2.96,-0.07,0.69,1.94,129.87
20044,-0.03,-0.02,0.05,1.75,129.89
20059,2.86,0.43,1.28,1.70,129.92
20072,-0.03,0.14,0.15,1.55,129.94
20085,5.64,4.62,1.89,1.58,129.96
20099,5.64,4.62,1.89,1.61,129.98
20113,5.64,4.62,1.89,1.64,130.00
20126,-0.18,0.18,-0.13,1.49,130.02
20140,-1.49,5.09,0.67,1.41,130.04
20154,-1.49,-1.29,0.47,1.31,130.06
20167,-3.56,-2.35,0.04,1.18,130.08
20180,-5.49,0.75,-0.27,1.09,130.09
20195,-2.27,2.73,-0.27,1.01,130.11
20208,-4.04,-8.14,2.98,1.21,130.12
20222,0.41,-4.86,3.08,1.40,130.14
20236,-0.31,-2.81,2.92,1.55,130.16
20249,-0.31,-2.81,2.92,1.68,130.19
20263,-0.31,-2.81,2.92,1.81,130.21
20277,6.75,-9.76,3.46,1.97,130.24
20291,3.27,-8.10,3.08,2.08,130.27
20304,-5.53,6.91,2.07,2.08,130.30
20318,-6.97,14.90,1.46,2.02,130.32
20332,-5.16,4.11,1.37,1.96,130.35
20345,-1.06,-0.76,1.86,1.95,130.38
20359,-2.86,6.22,1.42,1.89,130.40
20373,-2.45,7.16,1.30,1.83,130.43
20386,-1.73,4.18,1.31,1.78,130.45
20400,-1.73,4.18,1.31,1.73,130.48
20413,-1.73,4.18,1.31,1.69,130.50
20427,0.77,1.24,1.38,1.66,130.52
20441,-0.85,-1.74,1.23,1.62,130.54
20454,-0.15,0.13,-0.09,1.47,130.56
20468,5.82,1.60,-2.48,1.57,130.58
20482,4.57,-4.75,-2.05,1.62,130.61
20495,5.27,-1.29,-1.83,1.64,130.63
20509,5.16,1.74,-1.44,1.62,130.65
20523,1.27,0.19,-1.40,1.60,130.67
20536,2.41,-0.45,-1.21,1.56,130.69
20550,2.41,-0.45,-1.21,1.52,130.71
20563,2.41,-0.45,-1.21,1.49,130.74
20578,2.41,-0.45,-1.21,1.46,130.76
20591,-0.90,1.07,6.08,1.93,130.78
20605,-1.38,1.03,5.69,2.30,130.81
20619,-0.18,4.63,5.51,2.62,130.85
20632,-0.49,2.69,5.29,2.89,130.89
20646,0.04,-0.08,0.08,2.61,130.92
20660,7.42,-2.41,5.57,2.91,130.96
20673,-0.05,0.24,-0.13,2.63,131.00
20686,1.27,-0.83,4.86,2.85,131.04
20701,1.27,-0.83,4.86,3.05,131.08
20714,1.27,-0.83,4.86,3.23,131.12
20727,1.27,-0.83,4.86,3.40,131.17
20741,-0.31,-1.71,1.50,3.21,131.21
20755,0.01,-11.64,1.83,3.07,131.26
20768,0.25,-0.41,1.55,2.92,131.30
20783,1.20,6.25,1.54,2.78,131.33
20796,-2.43,0.25,1.15,2.62,131.37
20809,-2.41,2.20,1.29,2.48,131.40
20823,0.59,3.65,1.42,2.38,131.44
20837,11.22,3.25,-4.88,2.63,131.47
20850,11.22,3.25,-4.88,2.85,131.51
20864,11.22,3.25,-4.88,3.06,131.55
20878,11.22,3.25,-4.88,3.24,131.60
20891,1.69,0.86,-3.27,3.24,131.64
20905,2.75,-3.15,-2.83,3.20,131.68
20919,-0.09,-0.97,-2.79,3.16,131.73
20933,1.99,-0.68,-2.56,3.10,131.77
20946,-0.08,-0.01,-0.22,2.81,131.81
20961,-0.05,0.20,-0.17,2.55,131.85
20974,-9.12,-2.57,5.88,2.88,131.89
20988,-5.60,-2.05,5.50,3.14,131.93
21002,-5.60,-2.05,5.50,3.38,131.98
21015,-5.60,-2.05,5.50,3.59,132.02
21029,-5.60,-2.05,5.50,3.78,132.08
21043,0.08,1.09,3.47,3.75,132.13
21057,0.62,-0.61,3.44,3.72,132.18
21070,-1.88,1.04,3.31,3.68,132.23
21084,-0.05,0.03,-0.03,3.31,132.27
21098,5.99,2.65,-3.43,3.33,132.32
21111,5.26,1.00,-2.96,3.29,132.36
21125,6.71,-10.76,-2.58,3.22,132.41
21139,12.51,-21.32,-2.65,3.16,132.45
21152,25.40,4.29,-1.31,2.98,132.49
21167,25.40,4.29,-1.31,2.81,132.53
21180,25.40,4.29,-1.31,2.66,132.57
21194,-0.45,0.46,-0.15,2.41,132.60
21208,-0.18,0.22,-0.22,2.19,132.63
21222,-1.56,-30.12,7.34,2.70,132.67
21235,1.02,-8.62,6.80,3.11,132.71
21250,-11.29,-2.55,4.69,3.27,132.76
21263,-17.31,13.58,2.75,3.22,132.80
21277,0.29,-0.24,-0.21,2.92,132.84
21291,-5.70,18.74,2.82,2.91,132.88
21305,18.87,19.19,5.56,3.17,132.93
21318,18.87,19.19,5.56,3.41,132.97
21332,18.87,19.19,5.56,3.63,133.02
21346,0.29,-0.69,-0.71,3.33,133.07
21359,7.09,-3.10,11.60,4.16,133.13
21373,18.90,29.87,9.30,4.67,133.19
21387,1.19,-45.53,8.33,5.04,133.26
21401,-5.29,-30.76,3.88,4.92,133.33
21414,-27.46,-25.40,-3.51,4.78,133.40
21429,-52.99,-40.84,-8.23,5.13,133.47
21443,-47.53,-35.22,-9.83,5.60,133.55
21457,-38.63,-57.22,-7.45,5.78,133.63
21472,-38.63,-57.22,-7.45,5.95,133.72
21486,-38.63,-57.22,-7.45,6.10,133.80
21500,-0.01,-17.86,6.39,6.13,133.89
21515,-16.66,-41.60,4.59,5.97,133.97
21528,-19.88,-18.04,2.55,5.63,134.05
21542,-10.95,-16.90,1.09,5.18,134.13
21557,-14.39,10.09,0.67,4.73,134.19
21571,0.35,0.00,12.14,5.47,134.27
21584,27.75,1.83,-4.28,5.35,134.34
21598,22.03,-18.33,-4.18,5.23,134.41
21612,22.03,-18.33,-4.18,5.13,134.49
21626,22.03,-18.33,-4.18,5.03,134.56
21641,22.03,-18.33,-4.18,4.95,134.63
21655,4.92,0.80,2.65,4.72,134.69
21668,-6.39,-10.97,0.72,4.32,134.75
21682,-0.08,0.46,6.17,4.50,134.81
21695,-14.46,6.04,-2.32,4.28,134.87
21709,-2.35,-2.24,8.26,4.68,134.94
21724,0.32,-0.14,6.68,4.88,135.01
21737,-0.05,0.24,6.14,5.01,135.07
21750,-9.50,4.44,5.32,5.04,135.14
21764,-9.50,4.44,5.32,5.07,135.21
21778,-9.50,4.44,5.32,5.09,135.28
21791,-9.50,4.44,5.32,5.12,135.35
21805,-6.02,-13.18,0.96,4.70,135.41
21819,0.06,0.20,3.59,4.59,135.48
21832,-0.85,3.28,-0.64,4.19,135.53
21847,0.05,0.24,2.57,4.03,135.59
21860,8.84,13.64,0.10,3.64,135.64
21873,0.03,-0.05,2.76,3.55,135.69
21886,0.92,-11.45,1.13,3.31,135.73
21901,4.02,-4.38,1.33,3.11,135.77
21914,4.02,-4.38,1.33,2.93,135.81
21927,4.02,-4.38,1.33,2.77,135.85
21941,4.02,-4.38,1.33,2.63,135.89
21955,-5.32,-1.06,9.33,3.30,135.93
21968,-1.90,6.66,8.58,3.83,135.99
21982,-2.26,-2.94,8.25,4.27,136.04
21996,-0.04,0.00,3.33,4.17,136.10
22009,-8.49,-6.88,5.71,4.33,136.16
22024,0.07,0.14,3.36,4.23,136.22
22037,-1.29,-4.25,3.50,4.16,136.27
22050,5.20,-12.35,3.74,4.12,136.33
22065,5.76,-22.90,4.15,4.12,136.39
22078,5.76,-22.90,4.15,4.12,136.44
22091,5.76,-22.90,4.15,4.12,136.50
22106,-0.03,0.13,-0.36,3.75,136.55
22119,-3.80,-0.37,-3.77,3.75,136.60
22133,-0.28,5.97,-4.72,3.85,136.66
22147,4.89,1.90,-4.66,3.93,136.71
22161,6.59,6.28,-5.03,4.04,136.77
22174,7.88,18.63,-5.86,4.22,136.82
22189,6.79,20.96,-6.62,4.46,136.89
22202,2.42,10.59,-8.71,4.89,136.95
22215,4.73,-7.59,-8.63,5.26,137.03
22230,4.73,-7.59,-8.63,5.60,137.10
22243,4.73,-7.59,-8.63,5.90,137.18
22257,-0.76,-1.02,-18.73,7.18,137.28
22270,3.57,-23.87,-18.55,8.32,137.40
22285,18.88,-13.90,-16.70,9.16,137.53
22299,24.48,-2.54,-18.10,10.05,137.67
22313,-75.49,34.47,-28.92,11.94,137.84
22328,-63.91,-15.98,-31.13,13.86,138.04
22343,-28.98,5.27,-19.90,14.46,138.25
22356,0.99,-16.57,-14.90,14.51,138.46
22371,7.40,-36.43,-13.97,14.45,138.67
22385,7.40,-36.43,-13.97,14.40,138.87
22400,7.40,-36.43,-13.97,14.36,139.08
22414,8.49,-9.17,-4.53,13.38,139.27
22428,12.60,2.34,-2.51,12.29,139.44
22441,-0.21,0.27,-5.26,11.59,139.60
22456,10.75,0.64,-1.24,10.55,139.75
22470,2.23,1.21,-1.90,9.69,139.88
22483,1.74,8.76,-0.71,8.79,140.00
22497,27.33,-23.90,1.63,8.07,140.11
22511,-19.47,16.64,-3.10,7.58,140.22
22525,-40.11,23.50,-4.74,7.29,140.32
22539,-40.11,23.50,-4.74,7.04,140.42
22553,-40.11,23.50,-4.74,6.81,140.52
22567,-7.65,1.09,-0.13,6.14,140.60
22581,-3.50,13.47,-9.15,6.44,140.69
22595,6.36,6.54,-7.66,6.56,140.78
22608,14.79,4.02,-5.17,6.42,140.87
22623,11.66,-0.15,-4.33,6.21,140.96
22636,-0.05,-0.12,-4.97,6.09,141.04
22650,-1.46,7.40,-4.21,5.90,141.12
22665,0.93,11.24,-2.89,5.60,141.20
22678,0.93,11.24,-2.89,5.33,141.28
22691,0.93,11.24,-2.89,5.08,141.35
22706,0.93,11.24,-2.89,4.86,141.41
22719,1.70,6.65,-3.91,4.77,141.48
22733,3.92,3.08,-2.99,4.59,141.54
22747,2.86,-18.13,-2.16,4.35,141.60
22760,8.11,-21.44,-0.99,4.01,141.66
22774,19.14,-6.85,1.21,3.73,141.71
22788,-0.33,0.09,-0.20,3.38,141.75
22802,-9.21,-1.95,-0.84,3.12,141.80
22816,-14.09,-2.34,-1.87,3.00,141.84
22830,-14.05,-4.02,-2.16,2.92,141.88
22844,-14.05,-4.02,-2.16,2.84,141.92
22858,-14.05,-4.02,-2.16,2.77,141.96
22873,-2.24,2.97,2.58,2.75,142.00
22886,1.67,-11.96,2.66,2.74,142.04
22899,4.33,-1.06,2.93,2.76,142.07
22914,13.18,1.83,4.21,2.91,142.11
22927,5.97,0.25,4.29,3.05,142.15
22940,1.68,8.31,3.71,3.11,142.20
22953,-0.20,-0.18,-1.67,2.97,142.24
22968,-0.94,19.09,-11.18,3.79,142.29
22982,-0.25,12.27,-10.85,4.50,142.35
22995,-0.25,12.27,-10.85,5.13,142.42
23010,-0.25,12.27,-10.85,5.70,142.51
23024,0.10,-0.07,-2.82,5.41,142.58
23037,7.09,-5.57,-3.76,5.25,142.65
23052,0.93,0.51,-4.33,5.16,142.72
23065,-2.12,0.42,-4.71,5.11,142.79
23079,-17.53,-4.24,2.49,4.85,142.86
23093,-13.11,-7.14,1.03,4.47,142.92
23107,-15.16,2.28,-0.44,4.06,142.98
23120,-12.86,-3.27,-1.65,3.82,143.03
23135,-12.05,-2.23,-1.90,3.63,143.08
23149,-12.05,-2.23,-1.90,3.46,143.13
23163,-12.05,-2.23,-1.90,3.30,143.18
23177,3.37,1.09,0.64,3.04,143.22
23191,-5.07,-8.77,-0.53,2.79,143.26
23204,-5.05,-6.76,-1.17,2.62,143.30
23219,7.80,-0.88,-1.76,2.54,143.33
23232,7.11,1.47,-1.54,2.44,143.37
23246,14.83,7.86,-0.62,2.26,143.40
23260,15.65,-0.82,1.06,2.14,143.43
23273,7.75,-1.94,1.19,2.04,143.45
23287,6.27,-2.97,1.52,1.99,143.48
23301,6.27,-2.97,1.52,1.94,143.51
23314,6.27,-2.97,1.52,1.90,143.53
23328,-1.75,-2.52,-6.62,2.37,143.57
23342,0.41,-1.62,-5.63,2.70,143.60
23356,11.78,2.74,-3.08,2.74,143.64
23369,6.86,3.98,-1.96,2.66,143.68
23383,-0.37,0.34,-1.53,2.55,143.71
23397,-4.30,6.08,-1.31,2.42,143.75
23410,-6.10,2.64,-1.35,2.32,143.78
23425,-1.29,8.84,-0.75,2.16,143.81
23438,-0.68,11.24,-0.37,1.98,143.83
23452,-0.68,11.24,-0.37,1.82,143.86
23465,-0.68,11.24,-0.37,1.67,143.88
23480,-6.59,1.50,2.97,1.80,143.91
23493,-1.96,3.24,1.34,1.76,143.93
23507,1.45,-6.31,1.32,1.71,143.96
23521,10.85,-3.44,2.68,1.81,143.98
23534,-0.40,0.18,0.34,1.66,144.00
23548,-0.03,-0.11,0.65,1.56,144.02
23562,-1.16,-6.12,1.33,1.54,144.05
23575,-28.06,-3.89,11.83,2.57,144.08
23589,-20.90,-5.43,10.88,3.40,144.13
23604,-20.90,-5.43,10.88,4.15,144.19
23618,-20.90,-5.43,10.88,4.82,144.26
23632,-21.29,-3.08,10.54,5.39,144.33
23646,-3.10,2.16,4.90,5.34,144.41
23660,6.01,5.37,6.70,5.48,144.48
23673,11.89,-5.02,7.87,5.72,144.56
23687,14.85,5.56,8.44,5.99,144.64
23701,21.58,0.97,5.16,5.91,144.72
23714,17.01,10.28,5.09,5.83,144.80
23728,17.60,14.48,5.48,5.79,144.88
23742,11.45,7.97,4.52,5.66,144.96
23755,11.45,7.97,4.52,5.55,145.03
23769,11.45,7.97,4.52,5.45,145.11
23783,-2.28,2.35,3.26,5.23,145.18
23796,-3.86,-8.95,1.87,4.89,145.24
23810,-8.06,-22.60,0.61,4.46,145.31
23824,0.02,1.05,-0.17,4.03,145.36
23837,-0.44,0.43,-0.32,3.66,145.41
23852,19.86,10.62,-10.78,4.37,145.47
23866,2.42,-3.50,-10.74,5.01,145.54
23879,1.53,-14.39,-9.86,5.50,145.62
23894,5.26,-2.96,-9.26,5.87,145.70
23907,5.26,-2.96,-9.26,6.21,145.79
23920,5.26,-2.96,-9.26,6.52,145.88
23934,1.00,0.16,-9.32,6.80,145.97
23948,-4.35,5.14,-7.59,6.88,146.06
23962,-0.12,0.18,0.10,6.20,146.15
23975,-10.89,-7.41,4.15,5.99,146.23
23990,-0.29,-0.02,0.24,5.42,146.31
24003,1.15,-5.35,3.34,5.21,146.38
24016,2.15,-2.13,3.34,5.02,146.45
24031,0.70,-8.54,2.83,4.80,146.51
24044,3.57,-12.70,2.91,4.61,146.57
24057,3.57,-12.70,2.91,4.44,146.64
24072,3.57,-12.70,2.91,4.29,146.69
24085,3.57,-12.70,2.91,4.15,146.75
24099,0.17,6.83,0.04,3.74,146.80
24113,-4.32,5.96,-0.44,3.41,146.85
24126,-4.25,7.23,-0.42,3.11,146.89
24140,-0.34,-0.81,0.29,2.83,146.93
24154,1.63,4.28,0.63,2.61,146.97
24167,7.20,0.45,1.34,2.48,147.00
24180,9.61,4.11,2.17,2.45,147.03
24194,1.92,-4.01,1.78,2.39,147.07
24208,1.92,-4.01,1.78,2.33,147.10
24221,1.92,-4.01,1.78,2.27,147.13
24235,1.92,-4.01,1.78,2.22,147.16
24249,1.75,-3.81,5.72,2.57,147.19
24262,-0.54,-4.10,5.35,2.85,147.23
24275,-4.39,1.04,4.25,2.99,147.27
24290,1.50,5.38,4.57,3.15,147.32
24303,1.34,-2.17,4.44,3.28,147.36
24316,6.80,1.82,5.15,3.46,147.41
24330,21.50,12.56,-6.59,3.78,147.46
24344,15.59,9.92,-5.28,3.93,147.51
24357,14.39,9.31,-4.88,4.02,147.57
24372,14.39,9.31,-4.88,4.11,147.62
24385,14.39,9.31,-4.88,4.19,147.68
24398,-0.63,0.86,-2.53,4.02,147.74
24413,-0.01,-0.04,-0.10,3.63,147.79
24427,-4.07,-2.36,-2.87,3.55,147.84
24440,-3.31,-2.32,-2.73,3.47,147.89
24455,-3.25,-3.32,-0.17,3.14,147.93
24469,0.85,-5.65,-0.09,2.83,147.97
24482,4.09,-7.36,0.47,2.60,148.00
24496,5.30,-3.90,0.52,2.39,148.04
24509,5.61,-2.69,0.62,2.21,148.07
24523,5.61,-2.69,0.62,2.05,148.10
24537,5.61,-2.69,0.62,1.91,148.12
24550,11.36,2.43,1.16,1.83,148.15
24564,-15.08,-0.07,0.96,1.75,148.17
24578,13.28,1.77,1.79,1.75,148.19
24591,-18.66,-2.48,-0.71,1.65,148.22
24605,-7.00,13.15,-1.25,1.61,148.24
24620,-1.77,3.04,-0.35,1.48,148.26
24633,-6.96,5.24,-1.31,1.46,148.28
24647,0.14,-0.01,0.07,1.33,148.30
24660,4.95,0.65,-0.10,1.20,148.31
24674,4.95,0.65,-0.10,1.09,148.33
24688,4.95,0.65,-0.10,0.99,148.34
24701,33.25,-11.88,-10.76,1.97,148.37
24716,-12.29,21.12,-5.91,2.36,148.40
24730,8.14,8.99,-4.17,2.55,148.44
24743,-0.50,-0.72,-0.39,2.33,148.47
24757,-8.26,-15.13,-4.28,2.53,148.51
24771,-6.83,-8.37,-5.02,2.77,148.55
24785,-6.64,12.04,-5.44,3.04,148.59
24800,0.08,-0.09,-0.07,2.74,148.63
24813,3.35,6.96,-4.52,2.92,148.67
24826,3.35,6.96,-4.52,3.08,148.71
24840,3.35,6.96,-4.52,3.22,148.75
24854,-9.98,-5.27,5.05,3.41,148.80
24867,6.35,8.43,1.95,3.26,148.84
24881,-18.44,-10.28,-0.42,2.98,148.88
24895,9.55,-19.81,2.38,2.92,148.92
24909,3.64,-4.72,1.87,2.81,148.96
24923,-8.53,7.91,-0.03,2.53,149.00
24936,-7.16,10.47,-0.22,2.30,149.03
24950,-3.22,-4.92,3.95,2.47,149.06
24964,-14.51,-9.87,3.09,2.53,149.10
24978,-14.51,-9.87,3.09,2.59,149.14
24992,-14.51,-9.87,3.09,2.64,149.17
25006,-30.44,-5.66,2.72,2.64,149.21
25020,1.80,7.99,-1.29,2.51,149.24
25033,-1.00,-7.31,-0.70,2.33,149.28
25048,27.35,5.91,2.31,2.33,149.31
25061,13.66,-2.71,2.34,2.33,149.34
25075,12.59,4.67,4.78,2.57,149.37
25089,14.77,9.90,5.65,2.88,149.41
25102,15.77,-11.85,6.41,3.23,149.46
25116,12.25,-8.27,6.35,3.55,149.51
25129,12.25,-8.27,6.35,3.83,149.56
25144,12.25,-8.27,6.35,4.08,149.62
25157,0.25,-0.54,0.97,3.77,149.67
25170,11.26,-4.02,-1.27,3.52,149.72
25185,8.12,-3.52,-0.49,3.21,149.76
25198,-0.04,0.09,0.69,2.96,149.80
25212,14.07,5.66,-2.19,2.89,149.84
25226,18.10,2.09,-1.07,2.70,149.88
25240,15.02,11.12,-0.37,2.47,149.91
25253,11.35,-0.82,0.30,2.25,149.94
25268,-5.88,-2.38,-0.97,2.12,149.97
25281,-5.88,-2.38,-0.97,2.01,150.00
25295,-5.88,-2.38,-0.97,1.90,150.03
25309,-19.21,7.41,-1.74,1.89,150.05
25323,-22.37,-1.59,5.84,2.28,150.09
25337,-13.34,-1.01,6.05,2.66,150.12
25351,-5.62,-2.09,6.45,3.04,150.17
25365,4.42,-3.19,7.57,3.49,150.21
25378,6.36,-9.82,8.06,3.95,150.27
25392,8.65,-4.18,9.06,4.46,150.33
25406,17.10,-6.21,10.13,5.03,150.40
25419,6.40,-5.47,9.19,5.44,150.47
25434,6.40,-5.47,9.19,5.82,150.55
25447,6.40,-5.47,9.19,6.15,150.63
25460,18.77,-27.93,7.06,6.25,150.72
25475,-14.33,4.30,3.72,5.99,150.80
25488,0.05,0.85,3.20,5.71,150.88
25501,-9.26,28.57,4.09,5.55,150.96
25516,-0.21,0.12,5.14,5.51,151.03
25529,4.44,16.64,5.83,5.54,151.11
25542,9.66,-5.52,6.53,5.64,151.18
25556,15.93,2.69,6.87,5.76,151.26
25570,2.80,-1.44,5.61,5.75,151.34
25583,2.80,-1.44,5.61,5.74,151.42
25596,2.80,-1.44,5.61,5.72,151.50
25611,2.80,-1.44,5.61,5.71,151.57
25624,6.73,0.65,1.55,5.30,151.65
25637,-1.05,1.21,-0.79,4.85,151.71
25652,-3.13,-10.13,-1.64,4.53,151.77
25665,19.94,-15.97,0.43,4.12,151.83
25679,-16.64,10.81,-3.89,4.09,151.89
25694,0.64,0.38,-1.55,3.84,151.94
25707,-57.29,46.82,4.30,3.88,152.00
25721,-56.74,-3.66,3.55,3.85,152.05
25735,-56.74,-3.66,3.55,3.82,152.10
25749,-56.74,-3.66,3.55,3.79,152.16
25763,-43.42,28.31,8.19,4.23,152.21
25777,-39.28,2.84,-1.92,4.00,152.27
25791,-13.70,15.07,0.30,3.63,152.32
25804,3.95,9.05,1.60,3.43,152.37
25818,72.48,-0.49,10.23,4.11,152.42
25832,114.65,-4.33,30.25,6.72,152.52
25846,60.28,-9.56,25.09,8.56,152.64
25860,6.03,40.60,14.82,9.19,152.77
25874,5.01,73.72,14.45,9.71,152.90
25887,5.01,73.72,14.45,10.19,153.04
25902,5.01,73.72,14.45,10.61,153.19
25915,5.01,73.72,14.45,11.00,153.34
25929,-34.23,-11.33,-1.02,10.00,153.48
25944,-26.15,-8.84,-0.98,9.10,153.61
25958,-60.92,-4.36,-32.94,11.48,153.77
25972,-7.34,4.59,-3.53,10.69,153.93
25987,-29.31,20.45,-33.59,12.98,154.11
26001,-21.57,9.06,-31.94,14.87,154.32
26015,10.02,16.77,-25.08,15.89,154.55
26030,26.98,58.59,-18.88,16.19,154.78
26044,26.98,58.59,-18.88,16.46,155.02
26058,26.98,58.59,-18.88,16.70,155.26
26073,111.97,68.25,11.18,16.15,155.49
26087,-76.62,18.26,16.18,16.15,155.72
26101,-112.55,-17.98,11.96,15.73,155.94
26116,-62.52,-31.13,22.50,16.41,156.18
26130,-4.14,-32.95,28.71,17.64,156.44
26144,-16.51,64.87,25.39,18.42,156.70
26159,118.09,42.33,39.60,20.53,156.99
26173,72.11,-28.46,35.88,22.07,157.31
26187,40.14,-23.87,31.44,23.01,157.64
26202,40.14,-23.87,31.44,23.85,157.98
26216,40.14,-23.87,31.44,24.61,158.33
26229,-37.02,-9.84,-5.53,22.70,158.65
26244,-55.20,25.40,-3.91,20.82,158.95
26258,-40.08,34.46,-2.10,18.95,159.22
26272,-15.27,-13.63,-8.10,17.86,159.48
26287,35.39,20.19,6.58,16.74,159.72
26301,33.04,38.96,14.19,16.48,159.95
26315,9.93,55.22,16.58,16.49,160.18
26329,-60.73,36.49,53.33,20.18,160.46
26343,-60.73,36.49,53.33,23.49,160.80
26357,-60.73,36.49,53.33,26.48,161.18
26372,-27.32,-35.59,10.77,24.91,161.53
26386,-28.02,-6.14,8.85,23.30,161.87
26400,-16.27,-41.56,4.73,21.44,162.17
26415,-28.01,-35.14,-11.65,20.46,162.46
26429,-18.60,-37.11,-14.49,19.87,162.75
26444,-2.90,-50.13,-4.11,18.29,163.02
26459,-1.70,-54.21,-9.01,17.36,163.27
26473,-0.79,-55.99,-4.42,16.07,163.50
26486,0.79,-62.42,-11.02,15.56,163.72
26501,0.79,-62.42,-11.02,15.11,163.94
26515,0.79,-62.42,-11.02,14.70,164.15
26529,6.66,-62.00,-12.64,14.49,164.35
26544,-17.16,-53.96,-4.21,13.46,164.54
26558,-3.45,-47.82,-16.42,13.76,164.74
26572,-26.71,-56.01,0.13,12.40,164.92
26587,-28.20,-59.51,-6.01,11.76,165.09
26602,-44.77,-67.42,-13.99,11.98,165.26
26616,-64.76,-63.09,-18.12,12.59,165.45
26631,-50.93,-51.24,-23.77,13.71,165.65
26645,-50.93,-51.24,-23.77,14.72,165.86
26660,-50.93,-51.24,-23.77,15.62,166.09
26675,-50.93,-51.24,-23.77,16.44,166.33
26689,-23.06,-45.86,-21.10,16.90,166.58
26704,-8.39,-60.84,-40.00,19.21,166.86
26719,-21.42,-49.59,-38.08,21.10,167.17
26733,-54.23,-30.70,-30.88,22.08,167.49
26747,-44.94,-67.91,-49.34,24.80,167.85
26762,-57.39,-31.41,-39.50,26.27,168.23
26777,-62.37,19.95,-25.28,26.17,168.62
26791,-40.76,-2.30,-40.08,27.56,169.02
26806,-40.76,-2.30,-40.08,28.82,169.43
26820,-40.76,-2.30,-40.08,29.94,169.86
26834,89.08,59.56,-62.14,33.16,170.34
26849,-18.37,-67.71,-18.23,31.67,170.80
26863,0.95,-25.28,-16.70,30.17,171.24
26877,3.17,-41.71,-7.22,27.88,171.64
26892,54.13,-25.42,-21.55,27.24,172.02
26906,44.13,-10.51,-15.90,26.11,172.40
26920,-17.98,-27.41,4.32,23.93,172.74
26935,-5.67,-11.54,2.64,21.80,173.05
26949,-19.51,-74.28,-3.27,19.95,173.34
26963,-19.51,-74.28,-3.27,18.28,173.60
26978,-19.51,-74.28,-3.27,16.78,173.84
26992,6.01,-4.50,15.80,16.68,174.08
27006,5.27,-21.39,10.14,16.03,174.31
27021,4.76,-27.55,8.31,15.26,174.52
27034,16.63,-13.04,9.26,14.66,174.73
27048,3.36,-0.82,12.26,14.42,174.93
27063,85.84,49.21,-1.08,13.08,175.11
27077,-13.40,42.31,21.89,13.96,175.31
27090,-3.59,43.65,13.58,13.93,175.51
27105,-3.59,43.65,13.58,13.89,175.70
27119,-3.59,43.65,13.58,13.86,175.90
27133,-22.64,-3.41,-9.34,13.41,176.09
27148,-65.49,35.41,2.15,12.28,176.26
27162,-47.99,23.26,-3.28,11.38,176.42
27176,-4.53,-17.43,-4.31,10.67,176.58
27190,-0.90,-21.30,-2.67,9.87,176.72
27204,10.30,9.77,-22.24,11.11,176.87
27218,24.63,-13.90,-34.93,13.49,177.07
27233,22.29,-9.69,-31.39,15.28,177.29
27247,17.72,-14.99,-32.48,17.00,177.53
27261,17.72,-14.99,-32.48,18.55,177.80
27276,17.72,-14.99,-32.48,19.94,178.08
27290,1.74,-5.51,-16.19,19.57,178.37
27304,-8.07,-2.58,-22.39,19.85,178.65
27319,-6.42,10.24,-33.77,21.24,178.95
27333,7.39,3.11,-28.21,21.94,179.26
27347,-9.04,27.77,-26.17,22.36,179.58
27362,-4.79,23.96,-27.84,22.91,179.90
27376,-9.60,20.02,-26.50,23.27,180.24










time,wx,wy,wz,turnRate,currAngle
46617,-0.10,0.01,2.03,0.19,0.00
46621,0.30,-0.06,2.04,0.37,0.00
46635,0.44,1.02,1.92,0.53,0.01
46647,4.10,-3.22,2.23,0.70,0.02
46660,12.79,-7.33,-5.68,1.20,0.03
46674,8.57,-3.51,-5.11,1.59,0.06
46688,8.57,-3.51,-5.11,1.94,0.08
46701,8.57,-3.51,-5.11,2.26,0.11
46714,8.57,-3.51,-5.11,2.54,0.15
46728,1.64,0.46,-2.94,2.58,0.18
46741,0.56,3.47,-2.84,2.61,0.22
46754,-0.88,3.39,-2.81,2.63,0.25
46768,1.07,-0.89,-2.40,2.60,0.29
46781,8.98,-0.95,-7.05,3.05,0.33
46794,6.57,0.13,-6.12,3.36,0.37
46808,4.51,-0.24,-5.60,3.58,0.42
46821,6.23,-2.80,-4.89,3.71,0.47
46835,5.76,-3.76,-4.75,3.81,0.52
46849,5.76,-3.76,-4.75,3.91,0.57
46862,5.76,-3.76,-4.75,3.99,0.63
46875,0.42,1.04,-5.11,4.10,0.68
46888,-1.42,-0.87,-4.10,4.10,0.74
46902,-0.67,-0.97,-3.81,4.07,0.79
46916,-16.92,2.84,8.93,4.56,0.85
46929,-9.56,0.10,8.09,4.91,0.92
46942,-8.73,0.18,7.31,5.15,0.99
46956,-6.51,-0.58,6.41,5.28,1.06
46969,-3.23,0.31,6.00,5.35,1.13
46983,-3.55,0.09,5.71,5.39,1.20
46995,-3.55,0.09,5.71,5.42,1.27
47008,-3.55,0.09,5.71,5.45,1.34
47022,-0.10,0.01,-0.07,4.91,1.41
47036,7.21,0.64,-3.70,4.79,1.47
47049,5.72,-0.39,-3.20,4.63,1.54
47063,5.28,0.03,-2.74,4.44,1.59
47076,3.05,-0.18,-2.29,4.23,1.65
47089,2.78,0.97,-1.97,4.00,1.70
47102,2.02,-2.06,-1.78,3.78,1.75
47116,-0.06,0.03,-0.06,3.41,1.80
47129,2.49,-1.64,-1.34,3.20,1.84
47142,2.49,-1.64,-1.34,3.01,1.88
47156,2.49,-1.64,-1.34,2.85,1.92
47169,2.49,-1.64,-1.34,2.69,1.96
47182,-1.23,-0.18,7.92,3.22,2.00
47196,-0.82,-0.31,7.53,3.65,2.05
47210,0.08,1.57,6.95,3.98,2.10
47222,-0.04,0.11,-0.04,3.58,2.15
47236,0.27,1.14,6.44,3.87,2.20
47249,-0.08,0.14,-0.03,3.49,2.25
47262,-0.07,-0.07,0.00,3.14,2.29
47276,2.08,-1.43,5.81,3.40,2.34
47289,28.94,-3.43,-15.26,4.59,2.40
47303,28.94,-3.43,-15.26,5.66,2.48
47316,28.94,-3.43,-15.26,6.62,2.57
47331,3.32,-0.96,-6.56,6.61,2.66
47344,2.23,-1.50,-6.30,6.58,2.75
47357,0.50,-0.08,-6.03,6.53,2.83
47371,-1.90,-0.20,-5.83,6.46,2.92
47384,-0.55,0.23,-5.56,6.37,3.01
47397,-1.23,-0.64,-5.33,6.26,3.09
47412,-16.09,1.75,8.25,6.46,3.18
47425,-0.05,0.04,-0.05,5.82,3.26
47438,-9.17,0.72,6.51,5.89,3.34
47452,-9.17,0.72,6.51,5.95,3.41
47465,-9.17,0.72,6.51,6.01,3.49
47478,-9.17,0.72,6.51,6.06,3.57
47492,-0.68,-0.28,3.46,5.80,3.65
47505,-1.80,1.18,3.12,5.53,3.73
47518,-0.42,0.99,3.01,5.28,3.80
47532,8.97,-0.52,-4.42,5.19,3.86
47545,-0.08,0.07,-0.05,4.68,3.93
47558,3.64,-0.67,-3.45,4.56,3.99
47571,4.57,0.97,-2.99,4.40,4.05
47585,-0.05,0.08,-0.05,3.96,4.10
47598,2.98,-0.44,-2.53,3.82,4.15
47611,2.98,-0.44,-2.53,3.69,4.20
47625,2.98,-0.44,-2.53,3.58,4.25
47639,0.38,-0.49,-1.21,3.34,4.29
47652,-0.10,-0.44,-1.15,3.12,4.34
47666,1.90,0.13,-2.80,3.09,4.38
47679,0.93,0.48,-2.59,3.04,4.42
47692,0.39,0.69,-2.53,2.99,4.46
47706,-0.05,0.03,-0.04,2.69,4.49
47719,-0.09,-0.07,-0.08,2.43,4.53
47732,-0.85,0.33,-2.19,2.41,4.56
47746,0.15,-0.60,-2.07,2.37,4.59
47759,0.15,-0.60,-2.07,2.34,4.62
47772,0.15,-0.60,-2.07,2.31,4.65
47787,0.15,-0.60,-2.07,2.29,4.68
47800,-0.92,-0.33,-1.39,2.20,4.71
47813,0.16,1.38,-1.40,2.12,4.74
47826,-1.63,-0.45,-1.43,2.05,4.77
47840,-1.34,-0.49,-1.42,1.99,4.80
47854,-2.27,0.59,-1.58,1.95,4.82
47867,-1.13,0.91,-1.41,1.89,4.85
47881,-1.89,0.60,-1.45,1.85,4.87
47894,-0.85,-0.26,-1.44,1.81,4.90
47907,-0.85,-0.26,-1.44,1.77,4.92
47921,-0.85,-0.26,-1.44,1.74,4.95
47935,-0.85,-0.26,-1.44,1.71,4.97
47948,-0.11,-0.27,1.71,1.71,4.99
47962,-0.74,0.15,1.57,1.69,5.01
47975,-1.70,0.96,1.35,1.66,5.04
47988,-0.62,0.69,1.17,1.61,5.06
48002,-0.50,1.58,1.12,1.56,5.08
48015,-0.02,0.13,-0.11,1.42,5.10
48028,21.00,-0.83,-15.36,2.81,5.14
48043,14.09,0.04,-13.13,3.84,5.19
48056,14.09,0.04,-13.13,4.77,5.25
48069,14.09,0.04,-13.13,5.61,5.33
48082,14.09,0.04,-13.13,6.36,5.42
48097,0.69,-0.74,-7.77,6.50,5.50
48110,0.73,0.80,-7.23,6.57,5.59
48123,0.22,-0.48,-6.98,6.61,5.68
48137,-1.41,-0.51,-6.47,6.60,5.77
48150,-22.39,3.27,9.36,6.88,5.86
48163,-17.75,1.47,7.85,6.97,5.96
48177,-13.67,2.68,6.80,6.96,6.05
48191,-11.39,1.09,5.52,6.81,6.14
48203,-9.91,1.12,5.36,6.67,6.23
48217,-9.91,1.12,5.36,6.54,6.32
48230,-9.91,1.12,5.36,6.42,6.40
48243,-8.30,2.17,5.18,6.30,6.49
48257,0.26,-0.07,2.65,5.93,6.56
48270,0.33,-0.72,2.54,5.59,6.64
48283,-9.63,1.11,10.18,6.05,6.72
48296,-7.21,0.91,9.07,6.35,6.80
48310,-5.93,0.18,8.11,6.53,6.89
48323,-5.61,1.77,7.30,6.61,6.98
48336,-2.18,0.19,7.05,6.65,7.07
48350,-2.42,0.63,6.60,6.65,7.15
48363,-2.42,0.63,6.60,6.64,7.24
48376,-2.42,0.63,6.60,6.64,7.33
48390,-2.42,0.63,6.60,6.63,7.42
48403,15.74,-2.04,-5.91,6.56,7.51
48416,11.28,-1.94,-4.83,6.39,7.59
48431,-0.14,0.08,-0.03,5.75,7.67
48444,6.42,-0.03,-3.37,5.51,7.74
48457,5.59,-1.42,-2.95,5.26,7.82
48471,5.09,0.11,-2.29,4.96,7.88
48484,2.44,0.13,-2.24,4.69,7.94
48497,2.88,0.59,-2.04,4.42,8.00
48510,2.57,0.45,-1.94,4.18,8.06
48524,2.57,0.45,-1.94,3.95,8.11
48537,2.57,0.45,-1.94,3.75,8.16
48550,3.38,-0.73,-2.86,3.66,8.21
48564,1.33,0.42,-1.42,3.44,8.26
48577,0.02,-1.71,-1.37,3.23,8.30
48590,-0.01,0.02,-0.03,2.91,8.34
48604,-0.04,0.09,-0.09,2.63,8.37
48617,0.39,-0.71,-1.12,2.48,8.41
48630,-0.03,0.11,-0.03,2.23,8.44
48644,-0.02,0.02,-0.08,2.02,8.46
48657,-18.21,3.10,11.36,2.95,8.50
48671,-18.21,3.10,11.36,3.79,8.55
48685,-18.21,3.10,11.36,4.55,8.62
48698,-14.64,2.51,10.95,5.19,8.69
48712,-1.86,0.10,5.87,5.26,8.76
48724,-0.82,0.30,5.55,5.29,8.83
48738,0.65,-1.63,5.45,5.30,8.90
48751,0.41,0.37,5.15,5.29,8.97
48764,0.98,-1.46,4.85,5.24,9.04
48778,0.89,0.09,4.25,5.14,9.11
48791,0.84,-0.73,4.08,5.04,9.17
48804,0.86,-0.24,3.88,4.92,9.24
48818,0.86,-0.24,3.88,4.82,9.30
48831,0.86,-0.24,3.88,4.72,9.36
48844,0.86,-0.24,3.88,4.64,9.42
48857,0.68,-0.67,3.05,4.48,9.48
48870,1.59,-0.44,3.00,4.33,9.54
48883,1.62,-0.61,3.00,4.20,9.60
48897,1.60,0.35,3.01,4.08,9.65
48910,4.77,-0.93,0.51,3.72,9.70
48923,3.11,-0.94,0.59,3.41,9.75
48936,3.08,0.45,0.73,3.14,9.79
48950,-0.14,0.07,-0.01,2.83,9.82
48963,1.80,-0.25,0.99,2.65,9.86
48976,1.80,-0.25,0.99,2.48,9.89
48990,1.80,-0.25,0.99,2.33,9.92
49003,-0.05,0.08,0.02,2.10,9.95
49016,-0.02,0.04,0.02,1.89,9.98
49030,25.00,-2.74,-16.07,3.31,10.02
49043,0.02,0.05,-0.05,2.98,10.06
49056,12.69,-1.38,-12.45,3.93,10.11
49071,9.79,-1.05,-10.96,4.63,10.18
49085,7.59,-1.14,-10.16,5.19,10.25
49098,5.84,-2.06,-9.43,5.61,10.33
49112,3.59,-0.27,-8.68,5.92,10.41
49125,3.59,-0.27,-8.68,6.19,10.49
49139,3.59,-0.27,-8.68,6.44,10.58
49153,3.59,-0.27,-8.68,6.66,10.67
49166,-0.11,0.04,0.02,6.00,10.75
49180,-1.60,0.31,2.40,5.64,10.83
49193,-1.24,-0.40,2.31,5.31,10.90
49207,0.53,0.15,2.27,5.00,10.97
49220,-0.38,-1.25,2.01,4.70,11.03
49233,0.30,0.24,2.05,4.44,11.09
49247,-0.57,-0.51,1.82,4.18,11.15
49260,0.63,0.20,1.80,3.94,11.20
49273,0.63,0.20,1.80,3.73,11.25
49287,0.63,0.20,1.80,3.53,11.30
49300,0.63,0.20,1.80,3.36,11.34
49313,-0.05,-0.02,-0.08,3.03,11.38
49328,-0.03,-0.07,-1.55,2.88,11.42
49341,-0.20,-0.75,-1.41,2.74,11.46
49355,1.28,0.01,-1.20,2.58,11.49
49369,0.50,-1.14,-1.11,2.44,11.53
49382,0.91,0.59,-1.02,2.29,11.56
49395,0.44,1.05,-1.05,2.17,11.59
49409,6.14,-0.41,-5.11,2.46,11.62
49422,4.70,-0.65,-5.03,2.72,11.66
49436,4.70,-0.65,-5.03,2.95,11.70
49449,4.70,-0.65,-5.03,3.16,11.74
49463,0.40,-0.41,-3.28,3.17,11.78
49477,0.65,0.27,-3.06,3.16,11.83
49490,-0.71,0.05,-3.02,3.15,11.87
49504,-0.62,-0.48,-2.98,3.13,11.91
49517,-0.01,-0.97,-2.77,3.09,11.95
49531,-0.03,-1.03,-1.98,2.98,11.99
49545,-0.59,0.10,-1.99,2.88,12.03
49558,-0.11,0.08,-0.14,2.61,12.07
49572,-0.62,-0.95,-1.97,2.54,12.10
49586,-0.62,-0.95,-1.97,2.49,12.14
49600,-0.62,-0.95,-1.97,2.44,12.17
49613,-0.07,0.08,-0.02,2.19,12.20
49627,-0.00,0.06,-1.82,2.16,12.23
49641,-0.06,0.05,-0.01,1.94,12.26
49654,-5.35,0.12,1.63,1.91,12.28
49668,-3.37,0.34,1.18,1.84,12.31
49681,-3.44,0.12,1.07,1.76,12.33
49694,-0.21,0.11,-0.03,1.59,12.35
49709,-0.64,-0.40,0.82,1.51,12.37
49722,-2.27,-0.29,0.66,1.43,12.39
49735,-2.27,-0.29,0.66,1.35,12.41
49748,-2.27,-0.29,0.66,1.28,12.43
49763,-2.27,-0.29,0.66,1.22,12.45
49776,-3.89,0.26,3.33,1.43,12.46
49789,-3.55,1.77,2.85,1.57,12.49
49803,-4.33,0.87,2.51,1.67,12.51
49816,-1.66,-0.36,2.44,1.74,12.53
49830,-1.25,0.04,2.21,1.79,12.56
49844,-0.12,0.13,-0.14,1.62,12.58
49857,-0.35,-0.76,1.96,1.66,12.60
49870,0.14,-0.17,1.98,1.69,12.62
49884,0.14,-0.17,1.98,1.72,12.65
49898,0.14,-0.17,1.98,1.75,12.67
49911,0.14,-0.17,1.98,1.77,12.69
49925,0.43,-0.62,-0.21,1.61,12.72
49938,0.28,0.63,-0.20,1.47,12.74
49951,-0.64,0.63,-0.31,1.36,12.75
49966,-0.02,-0.08,-0.17,1.24,12.77
49979,0.32,-1.26,-0.21,1.14,12.79
49992,-0.14,-0.84,-0.12,1.03,12.80
50007,0.23,0.13,-0.15,0.95,12.81
50020,0.28,0.34,-0.18,0.87,12.82
50033,-3.09,0.70,2.56,1.04,12.84
50046,-3.09,0.70,2.56,1.19,12.85
50060,-3.09,0.70,2.56,1.33,12.87
50073,0.01,0.05,-0.03,1.20,12.89
50086,-0.23,0.44,1.15,1.19,12.90
50100,-1.30,0.92,1.02,1.18,12.92
50114,-0.08,0.10,-0.13,1.07,12.93
50127,0.57,0.15,1.18,1.08,12.95
50141,0.69,1.16,1.02,1.08,12.96
50154,-2.30,0.62,3.57,1.33,12.98
50167,-1.87,0.52,3.07,1.50,13.00
50181,-0.95,0.62,3.01,1.65,13.02
50194,-0.95,0.62,3.01,1.79,13.05
50207,-0.95,0.62,3.01,1.91,13.07
50221,-0.95,0.62,3.01,2.02,13.10
50234,0.93,0.20,2.05,2.02,13.13
50247,-0.30,0.64,2.13,2.03,13.15
50262,-0.08,0.12,-0.01,1.83,13.18
50275,9.48,-0.43,-4.95,2.14,13.21
50288,6.07,-0.97,-3.98,2.33,13.24
50301,4.63,-0.41,-3.60,2.45,13.27
50316,0.00,0.03,-0.08,2.22,13.30
50329,3.36,0.38,-2.77,2.27,13.33
50342,3.36,0.38,-2.77,2.32,13.36
50356,3.36,0.38,-2.77,2.37,13.40
50369,3.36,0.38,-2.77,2.41,13.43
50382,0.71,0.88,-1.58,2.32,13.46
50396,-9.56,0.96,5.07,2.60,13.50
50409,-7.31,1.91,4.46,2.79,13.53
50422,-5.71,1.28,3.86,2.89,13.57
50437,-5.08,0.39,3.24,2.93,13.61
50450,-2.95,0.84,2.99,2.93,13.65
50463,-1.89,0.49,2.69,2.91,13.69
50477,-1.48,-0.12,2.64,2.88,13.73
50490,-1.36,0.26,2.55,2.85,13.77
50503,-1.36,0.26,2.55,2.82,13.80
50516,-1.36,0.26,2.55,2.79,13.84
50531,12.83,-1.31,-7.22,3.23,13.89
50544,0.32,-1.04,-3.50,3.26,13.93
50557,-1.03,0.18,-3.41,3.28,13.97
50572,-0.09,0.22,-3.19,3.27,14.02
50585,-0.45,0.68,-3.09,3.25,14.06
50598,-0.55,0.23,-3.01,3.23,14.11
50612,0.50,-0.04,-2.84,3.19,14.15
50626,-0.12,0.05,-0.06,2.87,14.19
50639,-0.44,0.62,-2.61,2.85,14.23
50653,-0.44,0.62,-2.61,2.82,14.27
50667,-0.44,0.62,-2.61,2.80,14.31
50680,-0.44,0.62,-2.61,2.78,14.34
50694,-0.59,-0.51,-0.46,2.55,14.38
50708,-0.98,-0.01,-0.66,2.36,14.41
50721,-0.15,0.08,-0.05,2.13,14.44
50735,-0.73,0.37,-0.64,1.98,14.47
50749,-1.53,0.16,-0.53,1.84,14.49
50762,-1.06,0.36,-0.78,1.73,14.51
50776,-0.03,0.08,-0.10,1.57,14.54
50789,2.38,-0.01,-3.37,1.75,14.56
50803,2.38,-0.01,-3.37,1.91,14.59
50817,2.38,-0.01,-3.37,2.05,14.61
50830,2.38,-0.01,-3.37,2.19,14.64
50844,0.96,0.24,-2.27,2.19,14.67
50857,-1.09,0.26,-2.20,2.20,14.70
50871,0.44,-0.30,-1.91,2.17,14.73
50884,-0.51,-0.70,-2.08,2.16,14.76
50898,-5.76,0.70,2.35,2.18,14.79
50912,-0.08,-0.02,0.01,1.96,14.82
50925,-4.49,-0.62,1.49,1.91,14.84
50938,-2.44,0.00,1.36,1.86,14.87
50952,-1.30,0.58,1.35,1.81,14.89
50966,-1.30,0.58,1.35,1.76,14.92
50979,-1.30,0.58,1.35,1.72,14.94
50993,-0.06,0.00,-0.03,1.55,14.96
51006,-0.55,0.17,0.50,1.45,14.98
51019,-0.27,0.09,0.55,1.36,15.00
51033,-12.45,0.97,9.45,2.17,15.03
51047,-0.07,0.08,0.02,1.95,15.05
51060,-0.08,0.05,-0.10,1.77,15.08
51074,-4.17,1.76,7.09,2.30,15.11
51087,-0.13,0.03,-0.02,2.07,15.14
51100,-2.65,0.84,6.46,2.51,15.17
51115,-2.65,0.84,6.46,2.90,15.21
51128,-2.65,0.84,6.46,3.26,15.25
51141,-1.57,1.01,6.27,3.56,15.30
51154,17.54,-1.69,-8.94,4.10,15.36
51168,13.30,-2.46,-7.31,4.42,15.42
51182,9.68,-1.31,-6.58,4.64,15.48
51195,-0.08,0.02,0.00,4.17,15.54
51209,-0.06,0.17,-0.18,3.77,15.59
51222,4.27,-0.51,-4.54,3.85,15.64
51236,-0.08,0.11,-0.11,3.48,15.69
51250,2.39,-1.98,-4.01,3.53,15.74
51263,2.39,-1.98,-4.01,3.58,15.79
51277,2.39,-1.98,-4.01,3.62,15.84
51291,2.39,-1.98,-4.01,3.66,15.88
51304,-1.53,0.90,3.64,3.66,15.93
51317,-1.02,1.15,3.46,3.64,15.98
51331,0.12,0.77,3.24,3.60,16.03
51344,-0.74,-0.71,3.16,3.55,16.08
51358,0.83,-0.86,3.00,3.50,16.13
51372,-0.01,1.17,2.87,3.44,16.17
51385,0.04,-0.17,-0.08,3.10,16.21
51398,-1.78,-4.11,4.36,3.23,16.26
51411,-1.78,-4.11,4.36,3.34,16.30
51426,-1.78,-4.11,4.36,3.44,16.35
51439,-1.78,-4.11,4.36,3.53,16.40
51452,15.11,-3.22,-8.04,3.98,16.45
51467,20.37,30.38,-0.97,3.68,16.50
51480,44.82,39.05,4.61,3.77,16.56
51493,-0.60,0.50,-0.66,3.46,16.60
51508,-12.12,19.14,0.71,3.19,16.65
51521,47.57,-33.52,-11.07,3.98,16.70
51535,-0.85,0.91,0.36,3.61,16.75
51549,3.20,16.62,-9.15,4.17,16.81
51562,1.34,19.43,-8.93,4.64,16.87
51576,1.34,19.43,-8.93,5.07,16.94
51590,1.34,19.43,-8.93,5.46,17.01
51603,-2.10,-7.59,-6.41,5.55,17.09
51617,20.51,-4.19,-4.83,5.48,17.16
51631,-0.64,0.24,-0.04,4.94,17.23
51644,-20.83,9.28,2.50,4.69,17.30
51658,1.32,-9.10,2.87,4.51,17.36
51672,-10.53,-8.03,-0.40,4.10,17.41
51685,-0.24,0.34,-0.81,3.77,17.47
51699,19.68,39.51,3.69,3.76,17.52
51713,-1.97,3.87,3.44,3.73,17.57
51726,-1.97,3.87,3.44,3.70,17.62
51739,-1.97,3.87,3.44,3.68,17.67
51752,-1.97,3.87,3.44,3.65,17.72
51766,2.44,31.44,1.88,3.48,17.76
51779,-10.84,35.34,3.22,3.45,17.81
51793,2.74,-0.86,3.32,3.44,17.86
51807,1.89,17.18,3.00,3.39,17.90
51820,15.97,0.39,3.62,3.42,17.95
51833,17.91,2.80,2.35,3.31,17.99
51847,-7.31,-25.33,1.46,3.12,18.03
51861,1.95,-2.61,2.05,3.02,18.08
51874,1.95,-2.61,2.05,2.92,18.11
51888,1.95,-2.61,2.05,2.83,18.15
51901,1.95,-2.61,2.05,2.75,18.19
51914,12.76,-3.39,-4.62,2.94,18.23
51929,46.69,17.11,-0.16,2.66,18.27
51942,-22.53,17.15,-3.34,2.73,18.30
51956,2.19,6.81,-3.05,2.76,18.34
51970,13.43,4.07,-3.04,2.79,18.38
51983,-2.51,30.71,-3.45,2.86,18.42
51997,1.03,-1.11,0.39,2.61,18.45
52011,1.50,-0.96,1.15,2.46,18.49
52024,13.56,4.55,-1.12,2.33,18.52
52037,13.56,4.55,-1.12,2.21,18.55
52050,13.56,4.55,-1.12,2.10,18.58
52065,-0.61,-9.08,2.26,2.11,18.61
52078,-10.73,6.24,0.67,1.97,18.63
52091,-3.35,1.68,0.45,1.82,18.66
52105,-8.52,8.32,-0.39,1.68,18.68
52119,-4.86,1.69,-0.78,1.59,18.70
52132,-5.36,-18.64,-0.88,1.52,18.72
52147,-9.78,0.93,4.89,1.85,18.75
52160,1.93,0.90,3.76,2.04,18.78
52173,12.06,3.73,3.47,2.19,18.80
52187,12.06,3.73,3.47,2.31,18.84
52200,12.06,3.73,3.47,2.43,18.87
52213,22.48,23.93,4.72,2.66,18.90
52227,-14.96,5.73,5.73,2.97,18.94
52241,-20.47,-25.16,4.71,3.14,18.99
52254,-0.63,0.69,0.71,2.90,19.03
52268,-1.98,20.21,6.56,3.26,19.07
52282,-27.56,15.51,2.75,3.21,19.11
52295,-15.05,10.57,2.62,3.15,19.16
52308,2.60,-31.86,4.38,3.27,19.20
52323,-2.77,-8.94,4.24,3.37,19.25
52336,-2.77,-8.94,4.24,3.46,19.30
52349,-2.77,-8.94,4.24,3.54,19.34
52364,-2.77,-8.94,4.24,3.61,19.39
52377,-0.69,1.05,4.10,3.66,19.44
52390,-0.92,-27.75,10.56,4.35,19.50
52405,-17.10,12.37,7.39,4.65,19.57
52418,-35.97,7.10,3.67,4.55,19.63
52431,-17.65,-4.41,3.95,4.49,19.69
52446,-14.38,-49.72,4.23,4.47,19.75
52459,-0.13,2.08,4.35,4.45,19.81
52472,-5.38,-5.57,4.95,4.50,19.87
52487,-5.38,-5.57,4.95,4.55,19.94
52500,-5.38,-5.57,4.95,4.59,20.00
52513,-5.38,-5.57,4.95,4.63,20.06
52528,5.86,-3.06,8.00,4.96,20.13
52541,4.77,-4.25,8.81,5.35,20.20
52554,1.74,2.20,3.44,5.16,20.27
52568,6.26,-4.59,7.20,5.36,20.34
52581,5.97,-4.03,8.11,5.64,20.42
52594,27.18,-8.50,10.09,6.08,20.50
52609,3.46,-4.52,11.49,6.62,20.59
52622,-8.94,-4.39,14.47,7.41,20.69
52635,-8.94,-4.39,14.47,8.11,20.80
52649,-8.94,-4.39,14.47,8.75,20.92
52663,-8.94,-4.39,14.47,9.32,21.05
52677,-5.74,-11.06,12.73,9.66,21.18
52690,8.91,-22.17,13.90,10.09,21.32
52705,15.14,-6.99,27.73,11.85,21.49
52718,22.36,-25.67,19.70,12.63,21.67
52732,33.50,-20.72,23.86,13.76,21.86
52747,31.78,-10.60,27.98,15.18,22.07
52761,14.66,-4.20,39.31,17.59,22.32
52774,11.80,3.01,37.94,19.63,22.60
52789,11.80,3.01,37.94,21.46,22.89
52802,11.80,3.01,37.94,23.11,23.21
52816,11.80,3.01,37.94,24.59,23.55
52830,26.62,10.18,47.32,26.86,23.92
52844,34.30,-5.34,49.55,29.13,24.32
52857,35.52,-9.79,51.65,31.38,24.76
52872,45.54,-3.58,53.10,33.56,25.23
52886,4.36,-6.13,61.00,36.30,25.74
52899,13.32,11.62,64.76,39.15,26.27
52914,11.35,21.44,62.03,41.43,26.85
52927,6.32,3.11,61.64,43.45,27.46
52941,6.32,3.11,61.64,45.27,28.07
52955,6.32,3.11,61.64,46.91,28.71
52968,6.32,3.11,61.64,48.38,29.37
52981,-2.94,-17.22,66.03,50.15,30.05
52996,14.31,-39.22,54.66,50.60,30.77
53010,0.91,-26.46,54.52,50.99,31.48
53024,-32.70,-3.86,83.87,54.28,32.24
53038,-50.50,-15.43,79.58,56.81,33.04
53052,-14.34,-18.20,74.26,58.55,33.88
53066,-68.98,-33.75,67.82,59.48,34.73
53081,-66.70,-35.48,64.64,60.00,35.59
53095,-66.70,-35.48,64.64,60.46,36.45
53109,-66.70,-35.48,64.64,60.88,37.32
53124,-78.64,-40.16,77.55,62.55,38.21
53138,6.67,-53.88,50.72,61.36,39.09
53152,29.24,4.13,85.44,63.77,39.98
53166,8.00,-27.02,75.53,64.95,40.87
53180,13.12,-13.94,75.27,65.98,41.79
53194,10.60,9.75,77.86,67.17,42.74
53208,26.28,25.09,80.13,68.46,43.68
53221,49.19,18.91,106.21,72.24,44.69
53235,75.59,18.74,75.91,72.61,45.71
53250,75.59,18.74,75.91,72.94,46.73
53263,75.59,18.74,75.91,73.23,47.75
53277,108.80,58.60,93.98,75.31,48.80
53292,93.80,33.28,87.19,76.50,49.88
53305,96.65,14.60,88.87,77.73,50.96
53319,100.43,8.83,90.43,79.00,52.06
53334,109.93,20.21,86.72,79.77,53.18
53348,23.12,14.88,109.41,82.74,54.34
53361,82.48,21.27,75.54,82.02,55.50
53376,66.75,9.11,73.62,81.18,56.63
53389,63.66,4.85,72.56,80.32,57.74
53403,63.66,4.85,72.56,79.54,58.83
53416,63.66,4.85,72.56,78.84,59.92
53431,49.01,33.77,70.42,78.00,60.99
53444,13.95,-13.98,74.78,77.68,62.08
53458,-21.17,-60.81,84.51,78.36,63.18
53473,-59.66,-44.75,81.11,78.64,64.30
53487,-36.64,-14.31,81.02,78.87,65.43
53501,-116.00,6.22,72.70,78.26,66.55
53516,-111.74,-32.93,77.05,78.14,67.65
53530,-98.74,-45.16,93.87,79.71,68.80
53544,-98.74,-45.16,93.87,81.12,69.96
53559,-98.74,-45.16,93.87,82.40,71.14
53573,-98.74,-45.16,93.87,83.55,72.33
53587,-20.79,-23.37,67.83,81.97,73.50
53602,-8.29,6.57,78.47,81.62,74.67
53615,-23.10,-17.21,67.30,80.19,75.77
53629,-54.40,12.58,69.18,79.09,76.90
53644,-53.21,29.81,86.55,79.84,78.03
53658,-34.21,-1.88,81.48,80.00,79.16
53671,-23.59,7.78,79.61,79.96,80.28
53686,-17.76,18.25,78.74,79.84,81.40
53700,-17.76,18.25,78.74,79.73,82.52
53713,-17.76,18.25,78.74,79.63,83.65
53728,19.46,38.31,77.39,79.41,84.77
53742,45.59,-1.07,57.81,77.25,85.84
53756,2.91,0.95,82.95,77.82,86.93
53770,39.75,22.90,87.98,78.83,88.00
53783,43.56,10.49,82.98,79.25,89.11
53797,-15.91,-7.36,82.66,79.59,90.21
53812,-46.51,31.07,86.33,80.26,91.35
53825,-63.00,21.50,87.29,80.97,92.49
53839,-63.81,22.03,87.94,81.66,93.64
53854,-63.81,22.03,87.94,82.29,94.80
53868,-63.81,22.03,87.94,82.86,95.97
53882,-18.88,-30.15,91.32,83.70,97.15
53897,-76.44,-23.32,104.85,85.82,98.38
53911,-13.02,-19.10,104.94,87.73,99.65
53925,-59.46,-54.79,107.95,89.75,100.94
53940,-47.08,-56.15,108.03,91.58,102.28
53954,-28.66,-50.63,106.98,93.12,103.64
53969,-7.82,-37.60,103.28,94.14,105.02
53984,-1.50,-33.11,100.46,94.77,106.39
53998,-1.50,-33.11,100.46,95.34,107.77
54012,-1.50,-33.11,100.46,95.85,109.15
54027,-1.50,-33.11,100.46,96.31,110.54
54041,24.42,-9.08,106.69,97.35,111.95
54055,47.86,14.98,104.72,98.09,113.35
54070,49.69,20.92,101.42,98.42,114.76
54084,79.24,24.66,99.93,98.57,116.16
54098,97.29,20.96,94.98,98.21,117.55
54113,93.72,4.24,89.33,97.32,118.92
54126,19.68,22.52,115.13,99.10,120.30
54140,57.19,6.59,82.51,97.44,121.70
54155,57.19,6.59,82.51,95.95,123.03
54168,57.19,6.59,82.51,94.61,124.35
54182,28.53,90.31,124.68,97.61,125.71
54197,-59.62,-5.29,104.53,98.30,127.12
54211,-35.21,6.04,112.79,99.75,128.56
54225,-99.19,3.17,104.62,100.24,129.99
54240,-99.51,14.32,106.83,100.90,131.45
54254,-95.39,8.24,107.87,101.60,132.93
54269,-32.34,52.68,139.75,105.41,134.46
54284,-29.57,25.69,131.23,107.99,136.04
54298,-29.57,25.69,131.23,110.32,137.65
54312,-29.57,25.69,131.23,112.41,139.29
54328,-29.57,25.69,131.23,114.29,140.96
54342,-15.45,-7.76,111.89,114.05,142.63
54356,29.95,22.93,98.47,112.49,144.27
54371,25.34,23.37,112.17,112.46,145.88
54385,62.07,27.03,109.64,112.18,147.50
54400,90.52,35.11,127.71,113.73,149.15
54414,105.48,22.27,121.59,114.52,150.80
54429,42.73,6.51,108.85,113.95,152.47
54444,35.00,35.49,106.88,113.24,154.08
54458,35.00,35.49,106.88,112.61,155.71
54472,35.00,35.49,106.88,112.03,157.33
54487,-3.74,16.86,81.85,109.02,158.90
54501,-5.15,25.70,79.41,106.05,160.42
54515,39.13,39.16,100.55,105.50,161.93
54530,-14.28,47.48,87.37,103.69,163.42
54544,6.02,49.53,86.11,101.93,164.90
54558,-30.38,37.31,79.71,99.71,166.30
54573,-77.24,38.06,73.09,97.05,167.69
54587,-103.96,51.75,68.27,94.17,169.03
54601,-103.96,51.75,68.27,91.58,170.36
54616,-103.96,51.75,68.27,89.25,171.65
54630,-103.96,51.75,68.27,87.15,172.91
54644,-6.00,-17.29,93.90,87.83,174.18
54659,-37.64,22.21,86.72,87.72,175.43
54673,-29.96,48.67,85.41,87.48,176.68
54687,-35.60,24.78,81.09,86.85,177.92
54702,5.42,2.13,81.54,86.31,179.15
54715,-1.78,7.61,76.08,85.29,180.32



